기업코드,IFRS,CFS,종목코드,회사명,자산총계,자본총계,매출총이익,유동자산,유동부채,당기순이익,부채총계,매출액(수익),영업활동으로인한현금흐름,영업이익,주당배당금,EBITDA,날짜,시가총액,주가,주식수,GP/A,ROE,PBR,유동비율,NCAV,PER,PSR,PCR,2002-당기순이익,2001-당기순이익,2000-당기순이익,1999-당기순이익,1998-당기순이익,2002-자본총계,2001-자본총계,2000-자본총계,1999-자본총계,1998-자본총계,증자
00100939,1,1,000860,강남제비스코,277880000000.0,190750000000.0,44140000000.0,95160000000.0,73110000000.0,18020000000.0,87130000000.0,255440000000.0,21200000000.0,16919999999.0,30000000000.0,35350000000.0,2004-08-02,27040000000.0,4275.0,4275.0,0.15884554483949906,0.0944692005242464,0.1417562254259502,1.3016003282724662,0.2969674556213018,1.5005549389567148,0.10585656122768557,1.2754716981132077,17520000000.0,1700000000.0,4780000000.0,8910000000.0,19240000000.0,164200000000.0,147200000000.0,144600000000.0,138800000000.0,79200000000.0,1
00102432,1,1,013580,계룡건설산업,505170000000.0,230760000000.0,112059999999.0,285350000000.0,188140000000.0,39260000000.0,274410000000.0,894250000000.0,41110000000.0,69640000000.0,67500000000.0,73240000000.0,2004-08-02,90648706050.0,9840.0,9840.0,0.2218263158916801,0.17013347200554688,0.3928267726209048,1.5166896991602001,0.12068567193850198,2.308932910086602,0.10136841604696673,2.205028120895159,31670000000.0,25550000000.0,15569999999.0,12890000000.0,5180000000.0,162900000000.0,131400000000.0,106200000000.0,97800000000.0,72600000000.0,0
00104388,1,1,007690,국도화학,185300000000.0,121900000000.0,26189999999.0,118490000000.0,0.0,6180000000.0,63400000000.0,208750000000.0,1839999999.0,8810000000.0,60000000000.0,13180000000.0,2004-08-02,50203722240.0,8820.0,8820.0,0.14133837020507287,0.05069729286300246,0.41184349663658737,inf,1.0973289935881854,8.123579650485437,0.240496873005988,27.28463166700252,9180000000.0,5950000000.0,7390000000.0,8740000000.0,6060000000.0,123300000000.0,117400000000.0,114000000000.0,101700000000.0,100500000000.0,0
00105271,1,1,002380,케이씨씨,3091290000000.0,1775400000000.0,613140000000.0,988040000000.0,848800000000.0,204430000000.0,1315890000000.0,2306410000000.0,294940000000.0,302210000000.0,500000000000.0,439439999999.0,2004-08-02,1136160000000.0,110000.0,110000.0,0.1983443805013441,0.11514588261800154,0.6399459276782696,1.164043355325165,-0.2885597099000141,5.557697011201879,0.4926097268048613,3.852173323387808,154320000000.0,89550000000.0,67740000000.0,75440000000.0,13030000000.0,1220100000000.0,1095000000000.0,1041000000000.0,347400000000.0,267300000000.0,0
00110583,1,1,025440,대성엘텍,118480000000.0,26939999999.0,15819999999.0,63670000000.0,85690000000.0,-40000000.0,91540000000.0,184630000000.0,-1760000000.0,3429999999.0,0.0,9510000000.0,2004-08-02,10509447780.0,630.0,630.0,0.13352464550135046,-0.0014847809948583806,0.3901057082550151,0.7430271910374606,-2.651899565364223,-262.7361945,0.05692166917619021,-5.971277147727273,2030000000.0,4000000000.0,4690000000.0,3340000000.0,1100000000.0,23000000000.0,21800000000.0,19400000000.0,13700000000.0,10700000000.0,0
00111704,1,1,042660,대우조선해양,4047069999999.0,1424310000000.0,631930000000.0,1806270000000.0,2286690000000.0,257669999999.0,2622760000000.0,4455640000000.0,600200000000.0,361920000000.0,448900000000.0,468920000000.0,2004-08-02,2597275233000.0,13600.0,13600.0,0.15614506297152164,0.18090865050375268,1.823532259831076,0.7899059339044645,-0.31436406493466146,10.079851100283618,0.5829185555834852,4.327349605131623,259219999999.0,160750000000.0,56110000000.0,,,1256700000000.0,776900000000.0,622600000000.0,,,0
00112970,1,1,001070,대한방직,218600000000.0,78680000000.0,35710000000.0,92090000000.0,58090000000.0,14480000000.0,139920000000.0,228200000000.0,-4730000000.0,21570000000.0,0.0,27880000000.0,2004-08-02,15317000000.0,14750.0,14750.0,0.1633577310155535,0.1840366039654296,0.1946746314184037,1.585298674470649,-3.1226741529020043,1.057803867403315,0.06712094653812445,-3.2382663847780133,20640000000.0,7170000000.0,1530000000.0,-36410000000.0,-56100000000.0,64300000000.0,44200000000.0,36700000000.0,122600000000.0,159100000000.0,0
00113410,1,1,000120,CJ대한통운,1318520000000.0,795230000000.0,143650000000.0,356760000000.0,192710000000.0,39370000000.0,523289999999.0,1127590000000.0,112150000000.0,62910000000.0,0.0,126370000000.0,2004-08-02,202105436700.0,21200.0,21200.0,0.1089479112944817,0.04950768959923544,0.2541471482464193,1.8512791240724404,-0.8239758549701598,5.1334883591567175,0.17923663450367594,1.802099301827909,44040000000.0,47080000000.0,18850000000.0,14069999999.0,-89420000000.0,754400000000.0,695400000000.0,575100000000.0,505700000000.0,543000000000.0,0
00116824,1,1,000640,동아쏘시오홀딩스,691410000000.0,266719999999.0,301070000000.0,306940000000.0,307550000000.0,22090000000.0,424689999999.0,723320000000.0,47290000000.0,50020000000.0,52600000000.0,75960000000.0,2004-08-02,146515600000.0,15300.0,15300.0,0.4354435139786813,0.08282093581314795,0.5493236352750049,0.9980165826694848,-0.8036686878325584,6.632666364870982,0.20255986285461489,3.098236413618101,41900000000.0,32160000000.0,20900000000.0,14110000000.0,14710000000.0,253500000000.0,212000000000.0,193800000000.0,182300000000.0,160300000000.0,0
00117212,1,1,000150,두산,6287230000000.0,1729140000000.0,1157970000000.0,2430300000000.0,2757590000000.0,39930000000.0,4558090000000.0,5031950000000.0,399790000000.0,257660000000.0,0.0,471530000000.0,2004-08-02,166546684200.0,7810.0,7810.0,0.18417808796560647,0.02309240431659669,0.0963176400985461,0.8813130305810508,-12.775937330849604,4.170966296018031,0.0330978416319717,0.4165854178443683,-254819999999.0,-22240000000.0,11830000000.0,127320000000.0,-19630000000.0,697400000000.0,912500000000.0,1022100000000.0,996200000000.0,619000000000.0,0
00120021,1,1,003550,LG,50205860000000.0,13932420000000.0,14988190000000.0,19892860000000.0,24169280000000.0,1395230000000.0,36273440000000.0,58148719999999.0,5005040000000.0,3550760000000.0,25000000000.0,6417230000000.0,2004-08-02,,,,0.29853467304414266,0.10014268877912093,,0.8230638231672602,,,,,315810000000.0,120720000000.0,324820000000.0,367730000000.0,53600000000.0,3362700000000.0,1728900000000.0,2377900000000.0,2149400000000.0,1478000000000.0,1
00120377,1,1,000420,로케트전기,97530000000.0,14540000000.0,18520000000.0,32820000000.0,73580000000.0,-1320000000.0,82990000000.0,76570000000.0,6890000000.0,9670000000.0,0.0,8280000000.0,2004-08-02,7206584050.0,1540.0,1540.0,0.18989029016712805,-0.0907840440165062,0.4956385178817057,0.4460451209567817,-6.961689428988204,-5.459533371212121,0.09411759239911192,1.0459483381712626,-4760000000.0,23960000000.0,-44200000000.0,1350000000.0,-30450000000.0,24700000000.0,30000000000.0,1100000000.0,42800000000.0,42000000000.0,0
00128555,1,1,004690,삼천리,842070000000.0,441189999999.0,175690000000.0,393300000000.0,347290000000.0,53040000000.0,400890000000.0,1265370000000.0,0.0,55390000000.0,100000000000.0,77420000000.0,2004-08-02,213699817500.0,52700.0,52700.0,0.2086406118256202,0.12022031324399968,0.4843713989448636,1.132482939330243,-0.035517110350363305,4.02903125,0.1688832653690225,inf,35330000000.0,28900000000.0,26289999999.0,18080000000.0,19780000000.0,388400000000.0,332800000000.0,309200000000.0,270700000000.0,240800000000.0,0
00137359,1,1,019170,신풍제약,166190000000.0,88590000000.0,63000000000.0,109230000000.0,59340000000.0,13080000000.0,77600000000.0,125920000000.0,0.0,23810000000.0,4200000000.0,21270000000.0,2004-08-02,38226953850.0,10050.0,10050.0,0.3790841807569649,0.147646461225872,0.4315041635624789,1.8407482305358949,0.8274266404828906,2.92254998853211,0.30358127263341805,inf,20690000000.0,47890000000.0,8370000000.0,3879999999.0,-91720000000.0,77100000000.0,55000000000.0,-9200000000.0,-18400000000.0,-53400000000.0,0
00138729,1,1,002310,아세아제지,312510000000.0,145670000000.0,36000000000.0,89040000000.0,110559999999.0,2760000000.0,166850000000.0,242440000000.0,17980000000.0,9390000000.0,30000000000.0,24430000000.0,2004-08-02,24438514700.0,4045.0,4045.0,0.11519631371796102,0.01894693485274937,0.16776628475320932,0.8053545586179934,-3.183908717660325,8.854534311594204,0.10080232098663587,1.359205489432703,11260000000.0,6970000000.0,-7550000000.0,2960000000.0,7470000000.0,145000000000.0,135000000000.0,130200000000.0,148900000000.0,129200000000.0,0
00139889,1,1,011790,SKC,1984530000000.0,391390000000.0,290910000000.0,669700000000.0,1034070000000.0,34320000000.0,1593140000000.0,1727730000000.0,31689999999.0,134840000000.0,0.0,231369999999.0,2004-08-02,201516211370.0,6560.0,6560.0,0.14658886486976766,0.08768747285316436,0.5148731734842484,0.6476350730608179,-4.582460109397798,5.871684480477858,0.11663640231401898,6.358984265584064,-79770000000.0,-112259999999.0,2570000000.0,20380000000.0,4990000000.0,331900000000.0,418500000000.0,310100000000.0,324200000000.0,280000000000.0,0
00144395,1,1,026960,동서,429520000000.0,319410000000.0,34890000000.0,166240000000.0,77660000000.0,54529999999.0,110109999999.0,198010000000.0,0.0,23400000000.0,14900000000.0,65479999999.0,2004-08-02,281610000000.0,9640.0,9640.0,0.0812302104674986,0.17072101687173225,0.8816568047337278,2.140612928148339,0.19931820603316644,5.164313222174295,1.422200898944498,inf,47560000000.0,38110000000.0,24500000000.0,18160000000.0,13200000000.0,276500000000.0,229400000000.0,200400000000.0,186400000000.0,84300000000.0,0
00146083,1,1,000230,일동홀딩스,195900000000.0,94840000000.0,116680000000.0,105240000000.0,67300000000.0,13960000000.0,101060000000.0,212010000000.0,14369999999.0,29720000000.0,7100000000.0,30330000000.0,2004-08-02,37468899520.0,9800.0,9800.0,0.5956100051046452,0.14719527625474482,0.39507485786587937,1.5637444279346209,0.111559187847746,2.6840185902578795,0.17673175567190227,2.6074390760339208,9070000000.0,7709999999.0,5230000000.0,-46130000000.0,1580000000.0,75200000000.0,65600000000.0,58000000000.0,9600000000.0,59200000000.0,0
00147994,1,1,042600,새로닉스,45070000000.0,33070000000.0,4940000000.0,20030000000.0,7620000000.0,1440000000.0,12000000000.0,37640000000.0,6200000000.0,1700000000.0,2500000000.0,3479999999.0,2004-08-02,15540000000.0,1470.0,1470.0,0.1096072775682272,0.04354399758088903,0.4699123072270941,2.6286089238845145,0.5167310167310167,10.791666666666664,0.4128586609989373,2.5064516129032257,270000000.0,1540000000.0,2280000000.0,6050000000.0,,29800000000.0,24700000000.0,22900000000.0,20300000000.0,,0
00148276,1,1,030000,제일기획,742060000000.0,287730000000.0,158700000000.0,618650000000.0,443770000000.0,46410000000.0,454330000000.0,466210000000.0,63279999999.0,55660000000.0,12000000000.0,63690000000.0,2004-08-02,630425913000.0,147000.0,147000.0,0.21386410802360994,0.1612970493170681,2.191032957981441,1.394078013385312,0.26064918432374146,13.583837815126051,1.3522359301602282,9.962482822534174,40600000000.0,35190000000.0,41730000000.0,28930000000.0,9580000000.0,241400000000.0,200300000000.0,206600000000.0,181400000000.0,41100000000.0,0
00152862,1,1,002020,코오롱,3172840000000.0,964990000000.0,444850000000.0,1028490000000.0,1154350000000.0,-85770000000.0,2207850000000.0,2777260000000.0,254440000000.0,22980000000.0,25000000000.0,152470000000.0,2004-08-02,80139392100.0,4950.0,4950.0,0.14020562020145988,-0.08888175006994893,0.08304686276541726,0.8909689435613115,-14.716358199078474,-0.9343522455403988,0.02885555983235275,0.31496381111460464,27460000000.0,32139999999.0,5330000000.0,152210000000.0,23190000000.0,837000000000.0,808500000000.0,807500000000.0,848600000000.0,667900000000.0,0
00158565,1,1,017890,한국알콜,121540000000.0,84360000000.0,12140000000.0,48480000000.0,18980000000.0,2340000000.0,37180000000.0,98910000000.0,9200000000.0,3979999999.0,3600000000.0,10170000000.0,2004-08-02,20630500000.0,14200.0,14200.0,0.09988481158466347,0.027738264580369845,0.24455310573731626,2.554267650158061,0.5477327258185696,8.81645299145299,0.20857850571226366,2.242445652173913,5320000000.0,2230000000.0,1420000000.0,8340000000.0,7900000000.0,80100000000.0,75900000000.0,72900000000.0,70400000000.0,60600000000.0,1
00162911,1,1,005860,한일사료,134990000000.0,57679999999.0,19660000000.0,59020000000.0,48320000000.0,740000000.0,77320000000.0,242640000000.0,-5790000000.0,-5930000000.0,2300000000.0,6420000000.0,2004-08-02,12022841600.0,380.0,380.0,0.14564041780872658,0.01282940360632506,0.2084403883531283,1.2214403973509933,-1.522102728193641,16.247083243243242,0.04955012199142763,-2.076483868739205,3670000000.0,2139999999.0,780000000.0,3290000000.0,660000000.0,26600000000.0,24200000000.0,17100000000.0,15600000000.0,7300000000.0,0
00162993,1,1,003300,한일홀딩스,961810000000.0,753190000000.0,251350000000.0,377290000000.0,186760000000.0,99930000000.0,208610000000.0,752400000000.0,147480000000.0,169240000000.0,114000000000.0,194690000000.0,2004-08-02,345575335400.0,46000.0,46000.0,0.26133020035142074,0.13267568608186514,0.4588156181043296,2.020186335403727,0.488113539135409,3.4581740758530968,0.4592973623072834,2.3432013520477355,51879999999.0,29780000000.0,20460000000.0,16100000000.0,6450000000.0,625000000000.0,569600000000.0,535300000000.0,534500000000.0,526000000000.0,0
00163196,1,1,002220,한일철강,163170000000.0,118050000000.0,22770000000.0,78390000000.0,38650000000.0,11340000000.0,45110000000.0,178240000000.0,0.0,13710000000.0,9000000000.0,16310000000.0,2004-08-02,22338000000.0,11350.0,11350.0,0.1395477109762824,0.0960609911054638,0.18922490470139766,2.028201811125485,1.4898379443101442,1.9698412698412704,0.1253254039497307,inf,8660000000.0,3860000000.0,5230000000.0,6160000000.0,3690000000.0,112700000000.0,104400000000.0,103000000000.0,55800000000.0,53800000000.0,1
00163318,1,1,006920,모헨즈,47270000000.0,8050000000.0,5660000000.0,26420000000.0,34830000000.0,450000000.0,39220000000.0,69350000000.0,1480000000.0,2890000000.0,0.0,3720000000.0,2004-08-02,2982000000.0,370.0,370.0,0.1197376771736831,0.05590062111801242,0.3704347826086957,0.7585414872236578,-4.292421193829645,6.626666666666668,0.04299927901946647,2.014864864864865,450000000.0,-6180000000.0,20000000.0,-459999999.0,-630000000.0,5900000000.0,5400000000.0,11600000000.0,5900000000.0,8800000000.0,0
00164469,1,1,010520,현대하이스코,1968750000000.0,896800000000.0,204460000000.0,456610000000.0,694500000000.0,52190000000.0,1071950000000.0,1886659999999.0,181770000000.0,111930000000.0,20000000000.0,207719999999.0,2004-08-02,338444000000.0,4370.0,4370.0,0.1038526984126984,0.058195807314897416,0.3773907225691347,0.6574658027357811,-1.8181442129273973,6.484843839816056,0.17938791303158988,1.8619354128844143,67040000000.0,16190000000.0,-79970000000.0,-42880000000.0,6959999999.0,862200000000.0,810500000000.0,803200000000.0,883900000000.0,385900000000.0,0
00164609,1,1,010620,현대미포조선,1063010000000.0,275300000000.0,176010000000.0,289440000000.0,671400000000.0,39110000000.0,787720000000.0,1265350000000.0,465930000000.0,95360000000.0,0.0,116730000000.0,2004-08-02,332000000000.0,16550.0,16550.0,0.16557699363129227,0.14206320377769704,1.2059571376679985,0.4310991957104557,-1.5008433734939757,8.488877524929686,0.2623779981823211,0.71255338784796,-74460000000.0,-62560000000.0,8390000000.0,43310000000.0,21720000000.0,183100000000.0,259200000000.0,310700000000.0,329000000000.0,237500000000.0,1
00164724,1,1,017800,현대엘리베이터,416120000000.0,283440000000.0,74800000000.0,168240000000.0,114340000000.0,28600000000.0,132680000000.0,382120000000.0,40420000000.0,45220000000.0,74500000000.0,47200000000.0,2004-08-02,197927235750.0,28500.0,28500.0,0.17975583966163608,0.1009031893875247,0.6983038235605419,1.4714010844848695,0.1796619846947971,6.920532718531469,0.5179714114676018,4.896764862691738,-35880000000.0,8059999999.0,10580000000.0,20130000000.0,3510000000.0,117500000000.0,97400000000.0,102200000000.0,217300000000.0,126400000000.0,1
00164779,1,1,000660,SK하이닉스,8603850000000.0,2849380000000.0,912379999999.0,2246630000000.0,2730460000000.0,-2100300000000.0,5754470000000.0,4803070000000.0,1231860000000.0,43210000000.0,0.0,-362470000000.0,2004-08-02,3928163574710.0,8910.0,8910.0,0.10604322483527724,-0.737107721679804,1.3786029152692871,0.8228027511847821,-0.892997435896994,-1.8702868993524733,0.81784433179404,3.1888068244037475,-1777170000000.0,-5073590000000.0,-2486810000000.0,224350000000.0,-145090000000.0,4555400000000.0,5242400000000.0,6259600000000.0,8536000000000.0,2290500000000.0,1
00166272,1,1,013520,화승알앤에이,475210000000.0,158610000000.0,77610000000.0,220769999999.0,260069999999.0,11550000000.0,316600000000.0,489660000000.0,-6820000000.0,17240000000.0,3500000000.0,33350000000.0,2004-08-02,29100000000.0,4850.0,4850.0,0.16331727025946424,0.07282012483449972,0.18346888594666164,0.8488868381583762,-3.2931271478006874,2.51948051948052,0.05942899154515378,-4.266862170087976,9920000000.0,1150000000.0,11480000000.0,10930000000.0,5960000000.0,120900000000.0,112200000000.0,113800000000.0,112900000000.0,111400000000.0,0
00171265,1,1,034230,파라다이스,527130000000.0,332110000000.0,97020000000.0,351410000000.0,146300000000.0,44020000000.0,195030000000.0,322200000000.0,55740000000.0,56240000000.0,20000000000.0,66790000000.0,2004-08-02,379685655600.0,4260.0,4260.0,0.18405326959194127,0.1325464454548192,1.143252704224504,2.4019822282980177,0.4118670212939169,8.625298855065877,1.1784160633147114,6.811726867599568,45480000000.0,36740000000.0,31430000000.0,24700000000.0,,317400000000.0,195700000000.0,165300000000.0,121600000000.0,,0
00173032,1,1,025900,동화기업,466930000000.0,283520000000.0,47070000000.0,95270000000.0,109809999999.0,6330000000.0,183410000000.0,263910000000.0,28550000000.0,12350000000.0,0.0,35040000000.0,2004-08-02,51496023040.0,2590.0,2590.0,0.10080740153770372,0.022326467268623026,0.18163100677200905,0.8675894727335178,-1.71158848386285,8.135232707740919,0.19512721397446087,1.8037135915936962,7259999999.0,10910000000.0,6680000000.0,3410000000.0,3400000000.0,224900000000.0,217700000000.0,207200000000.0,200500000000.0,195100000000.0,0
00206659,1,1,054210,이랜텍,78580000000.0,50100000000.0,13650000000.0,42610000000.0,23970000000.0,5240000000.0,28480000000.0,145440000000.0,0.0,4920000000.0,6800000000.0,5470000000.0,2004-08-02,28832000000.0,2780.0,2780.0,0.17370832272842962,0.10459081836327347,0.5754890219560879,1.7776387150604922,0.4900804661487237,5.5022900763358775,0.19823982398239826,inf,4229999999.0,4910000000.0,4610000000.0,3970000000.0,880000000.0,42600000000.0,22300000000.0,16100000000.0,9500000000.0,2600000000.0,0
00210980,1,1,032940,원익,75450000000.0,39110000000.0,17090000000.0,31900000000.0,32460000000.0,5320000000.0,36350000000.0,74300000000.0,6450000000.0,5480000000.0,5100000000.0,11050000000.0,2004-08-02,8451750000.0,960.0,960.0,0.2265076209410205,0.13602659166453593,0.2161020199437484,0.9827479975354282,-0.5265181767089656,1.5886748120300749,0.11375168236877525,1.3103488372093024,2200000000.0,3960000000.0,7740000000.0,5980000000.0,3260000000.0,53200000000.0,53300000000.0,51200000000.0,51300000000.0,30700000000.0,0
00239514,1,1,054090,삼진엘앤디,77090000000.0,30780000000.0,14310000000.0,43340000000.0,40420000000.0,6130000000.0,46320000000.0,98900000000.0,9910000000.0,7809999999.0,3800000000.0,12280000000.0,2004-08-02,38112525000.0,5450.0,5450.0,0.18562718899987027,0.1991552956465237,1.2382236842105263,1.0722414646214746,-0.07818951906230301,6.217377650897228,0.3853642568250759,3.845865287588295,3040000000.0,1450000000.0,610000000.0,509999999.0,,23800000000.0,20800000000.0,13900000000.0,4300000000.0,,0
00247975,1,1,036830,솔브레인홀딩스,79270000000.0,68930000000.0,14360000000.0,48260000000.0,5670000000.0,8420000000.0,10340000000.0,63070000000.0,0.0,9130000000.0,6200000000.0,9720000000.0,2004-08-02,55135264800.0,4040.0,4040.0,0.1811530213195408,0.12215290874800525,0.7998732743362832,8.511463844797179,0.6877630884253956,6.548131211401424,0.8741916093229745,inf,8860000000.0,7709999999.0,6459999999.0,3740000000.0,3750000000.0,58800000000.0,45800000000.0,37700000000.0,19900000000.0,11300000000.0,0
00261443,1,1,036570,엔씨소프트,250690000000.0,217480000000.0,140140000000.0,194600000000.0,20110000000.0,29960000000.0,33200000000.0,169210000000.0,18060000000.0,37560000000.0,0.0,40980000000.0,2004-08-02,1546274968500.0,84200.0,84200.0,0.5590171127687582,0.13775979400404634,7.109963989792164,9.676777722526106,0.10437988280737016,51.61131403538051,9.138200865788075,85.61876901993355,53110000000.0,11670000000.0,24200000000.0,3120000000.0,-290000000.0,193300000000.0,131900000000.0,90700000000.0,6800000000.0,500000000.0,1
00313649,1,1,048410,현대바이오,242550000000.0,68340000000.0,54510000000.0,212830000000.0,173730000000.0,6780000000.0,174210000000.0,463870000000.0,-5400000000.0,4250000000.0,698700000000.0,19780000000.0,2004-08-02,63004200000.0,770.0,770.0,0.22473716759431045,0.09920983318700614,0.9219227392449516,1.2250618776262017,0.6129750080153387,9.292654867256637,0.1358229676417962,-11.667444444444444,2680000000.0,8830000000.0,3740000000.0,,,72300000000.0,43800000000.0,34600000000.0,,,0
00428251,1,1,069960,현대백화점,3058910000000.0,1275040000000.0,1080890000000.0,694380000000.0,1166940000000.0,126520000000.0,1783859999999.0,2240170000000.0,206369999999.0,239010000000.0,60000000000.0,343320000000.0,2004-08-02,636923044500.0,29000.0,29000.0,0.3533578954594937,0.09922825950558414,0.4995318142960221,0.5950434469638541,-1.7105363189587026,5.0341688626304135,0.2843190670797305,3.0863160561277625,12610000000.0,,,,,670100000000.0,,,,,0
00100258,1,0,030270,에스마크,34800000000.0,13700000000.0,0.0,10700000000.0,8000000000.0,1030000000.0,21100000000.0,33030000000.0,3429999999.0,1770000000.0,51400000000.0,5180000000.0,2004-08-02,4142160000.0,5230.0,5230.0,0.0,0.07518248175182482,0.3023474452554745,1.3375,-2.5107673291229697,4.021514563106797,0.1254059945504087,1.207626822509512,2490000000.0,980000000.0,810000000.0,850000000.0,170000000.0,12800000000.0,11000000000.0,10200000000.0,8900000000.0,6800000000.0,0
00101044,1,0,003060,에이프로젠제약,17700000000.0,6600000000.0,3800000000.0,14200000000.0,9800000000.0,-4850000000.0,11100000000.0,10440000000.0,-4610000000.0,-2690000000.0,0.0,-4440000000.0,2004-08-02,11340000000.0,435.0,435.0,0.2146892655367232,-0.7348484848484849,1.7181818181818185,1.4489795918367347,0.27336860670194,-2.338144329896908,1.0862068965517242,-2.4598698481561816,3210000000.0,7159999999.0,-750000000.0,-1889999999.0,-3020000000.0,11400000000.0,12400000000.0,-13400000000.0,-11500000000.0,-26200000000.0,0
00101549,1,0,011040,경동제약,84500000000.0,72100000000.0,37430000000.0,62900000000.0,2800000000.0,12380000000.0,12400000000.0,49240000000.0,21030000000.0,14840000000.0,11300000000.0,16180000000.0,2004-08-02,46200000000.0,7680.0,7680.0,0.4429585798816568,0.17170596393897364,0.6407766990291263,22.464285714285715,1.093073593073593,3.7318255250403882,0.9382615759545084,2.196861626248217,9660000000.0,13460000000.0,12560000000.0,8940000000.0,3360000000.0,59800000000.0,55900000000.0,45100000000.0,30300000000.0,16500000000.0,0
00102353,1,0,024910,경창산업,59600000000.0,29700000000.0,8700000000.0,19500000000.0,14400000000.0,2520000000.0,29900000000.0,81960000000.0,6800000000.0,2060000000.0,2800000000.0,11700000000.0,2004-08-02,13036400000.0,1100.0,1100.0,0.14597315436241612,0.08484848484848485,0.43893602693602696,1.3541666666666667,-0.7977662544874352,5.173174603174604,0.15905807711078576,1.917117647058824,4110000000.0,3260000000.0,4170000000.0,2280000000.0,140000000.0,27500000000.0,23800000000.0,22700000000.0,15700000000.0,7300000000.0,0
00102751,1,0,002140,고려산업,68500000000.0,25800000000.0,16690000000.0,27600000000.0,20400000000.0,-7830000000.0,42800000000.0,94710000000.0,2300000000.0,500000000.0,0.0,-1350000000.0,2004-08-02,15013533850.0,2695.0,2695.0,0.24364963503649634,-0.3034883720930233,0.5819199166666666,1.3529411764705883,-1.0124198707554783,-1.9174372733077905,0.15852110495195862,6.527623413043478,-3000000000.0,-13730000000.0,830000000.0,-6270000000.0,-6640000000.0,31200000000.0,14700000000.0,26900000000.0,27800000000.0,31700000000.0,1
00103547,1,0,018620,우진비앤지,10300000000.0,6700000000.0,2480000000.0,5300000000.0,2000000000.0,80000000.0,3600000000.0,8009999999.0,20000000.0,150000000.0,0.0,710000000.0,2004-08-02,,,,0.2407766990291262,0.011940298507462687,,2.65,,,,,450000000.0,740000000.0,1280000000.0,480000000.0,-440000000.0,6600000000.0,7000000000.0,6500000000.0,3300000000.0,2700000000.0,0
00104120,1,0,026910,광진실업,17000000000.0,12500000000.0,2560000000.0,11200000000.0,3400000000.0,890000000.0,4500000000.0,19780000000.0,-1090000000.0,1320000000.0,10000000000.0,1380000000.0,2004-08-02,5850000000.0,1010.0,1010.0,0.15058823529411766,0.0712,0.46799999999999997,3.294117647058824,1.1452991452991452,6.573033707865169,0.29575328614762386,-5.36697247706422,1720000000.0,1280000000.0,1600000000.0,1510000000.0,220000000.0,11600000000.0,10600000000.0,9500000000.0,8100000000.0,6600000000.0,0
00104786,1,0,007120,미래아이앤지,40000000000.0,35500000000.0,4880000000.0,18600000000.0,3000000000.0,-3950000000.0,4500000000.0,30010000000.0,1130000000.0,-3000000000.0,3300000000.0,-2910000000.0,2004-08-02,10833279200.0,810.0,810.0,0.122,-0.11126760563380282,0.3051627943661972,6.2,1.3015449652585342,-2.742602329113924,0.36098897700766414,9.586972743362832,340000000.0,3670000000.0,4140000000.0,3460000000.0,3020000000.0,40600000000.0,44000000000.0,44100000000.0,28700000000.0,16000000000.0,0
00105961,1,0,011070,LG이노텍,538300000000.0,192400000000.0,63060000000.0,260300000000.0,267400000000.0,14590000000.0,345900000000.0,676640000000.0,96450000000.0,11180000000.0,0.0,50610000000.0,2004-08-02,,,,0.11714657254319152,0.07583160083160083,,0.9734480179506356,,,,,2340000000.0,-5000000000.0,13019999999.0,31670000000.0,,167600000000.0,161700000000.0,156400000000.0,157800000000.0,,0
00108065,1,0,015540,쎌마테라퓨틱스,19100000000.0,8200000000.0,2200000000.0,7300000000.0,7600000000.0,-3760000000.0,10900000000.0,6750000000.0,-2480000000.0,-1140000000.0,0.0,-3010000000.0,2004-08-02,3452667735.0,165.0,165.0,0.11518324607329845,-0.4585365853658537,0.4210570408536585,0.9605263157894736,-1.0426720079393912,-0.9182626954787234,0.5115063311111111,-1.3922047318548387,114570000000.0,-8800000000.0,-9360000000.0,-23520000000.0,-78300000000.0,600000000.0,-121900000000.0,-115600000000.0,-106200000000.0,-60800000000.0,1
00108649,1,0,048770,TPC,25100000000.0,16200000000.0,6640000000.0,16800000000.0,7400000000.0,1230000000.0,8900000000.0,24300000000.0,-1290000000.0,2039999999.0,5000000000.0,2210000000.0,2004-08-02,4880500000.0,1135.0,1135.0,0.2645418326693227,0.07592592592592592,0.30126543209876544,2.27027027027027,1.6186866099784858,3.967886178861789,0.2008436213991769,-3.783333333333333,860000000.0,1090000000.0,1750000000.0,1100000000.0,440000000.0,15000000000.0,14700000000.0,9700000000.0,9200000000.0,8400000000.0,0
00109514,1,0,004870,티웨이홀딩스,83700000000.0,27300000000.0,8630000000.0,10500000000.0,29900000000.0,5980000000.0,56400000000.0,29380000000.0,1860000000.0,-1250000000.0,0.0,-330000000.0,2004-08-02,26920427170.0,890.0,890.0,0.1031063321385902,0.21904761904761905,0.9860962333333332,0.3511705685618729,-1.7050249503897452,4.501743673913044,0.9162841106194692,14.473347940860215,67110000000.0,-17660000000.0,-13550000000.0,30510000000.0,,19800000000.0,-59800000000.0,-42200000000.0,-28300000000.0,,0
00109781,1,0,017650,대림제지,33000000000.0,25500000000.0,1510000000.0,20000000000.0,3400000000.0,-680000000.0,7500000000.0,44790000000.0,-280000000.0,-1720000000.0,0.0,-130000000.0,2004-08-02,4635000000.0,510.0,510.0,0.04575757575757576,-0.02666666666666667,0.1817647058823529,5.882352941176473,2.696871628910464,-6.816176470588236,0.10348292029470864,-16.553571428571427,3720000000.0,5980000000.0,7220000000.0,130000000.0,1520000000.0,26200000000.0,22600000000.0,16800000000.0,9200000000.0,9100000000.0,0
00111111,1,0,009190,대양금속,164800000000.0,73700000000.0,13580000000.0,86700000000.0,82000000000.0,1320000000.0,91100000000.0,116909999999.0,10320000000.0,8159999999.0,133400000000.0,12480000000.0,2004-08-02,26190720000.0,965.0,965.0,0.08240291262135922,0.01791044776119403,0.3553693351424695,1.0573170731707318,-0.16799843608728587,19.841454545454546,0.22402463433601927,2.5378604651162795,-10150000000.0,380000000.0,2870000000.0,6990000000.0,6930000000.0,73600000000.0,83700000000.0,86000000000.0,62600000000.0,59700000000.0,0
00111865,1,0,028040,미래SCI,162500000000.0,47300000000.0,18880000000.0,66900000000.0,49700000000.0,-3310000000.0,115200000000.0,107980000000.0,12260000000.0,7790000000.0,0.0,4640000000.0,2004-08-02,13121047845.0,395.0,395.0,0.1161846153846154,-0.06997885835095137,0.2774005886892177,1.3460764587525151,-3.6811084427533385,-3.96406279305136,0.12151368628449713,1.0702322875203916,3070000000.0,1130000000.0,-2240000000.0,640000000.0,360000000.0,50200000000.0,49500000000.0,36500000000.0,37900000000.0,31500000000.0,0
00111874,1,0,005710,대원산업,114300000000.0,53800000000.0,24730000000.0,74700000000.0,48600000000.0,11640000000.0,60500000000.0,358580000000.0,1360000000.0,11150000000.0,6000000000.0,20480000000.0,2004-08-02,20340000000.0,17000.0,17000.0,0.2163604549431321,0.21635687732342007,0.3780669144981413,1.5370370370370368,0.6981317600786627,1.7474226804123711,0.05672374365553015,14.955882352941178,12380000000.0,5660000000.0,3270000000.0,1540000000.0,-2480000000.0,41900000000.0,30600000000.0,25800000000.0,10500000000.0,9000000000.0,0
00112819,1,0,017680,데코앤이,121700000000.0,40900000000.0,108430000000.0,91200000000.0,72900000000.0,1030000000.0,80800000000.0,177710000000.0,2340000000.0,4920000000.0,38400000000.0,6090000000.0,2004-08-02,8139600000.0,9600.0,9600.0,0.8909613804437141,0.025183374083129585,0.1990122249388753,1.2510288065843622,1.277704064081773,7.90252427184466,0.0458027122840583,3.4784615384615383,18490000000.0,9240000000.0,3490000000.0,2200000000.0,2160000000.0,63000000000.0,41900000000.0,33800000000.0,30400000000.0,28700000000.0,0
00113173,1,0,007480,대한은박지,116600000000.0,38000000000.0,7530000000.0,46900000000.0,53900000000.0,-1560000000.0,78600000000.0,119020000000.0,-980000000.0,1610000000.0,0.0,5200000000.0,2004-08-02,6130000000.0,6150.0,6150.0,0.06457975986277872,-0.04105263157894737,0.16131578947368422,0.8701298701298701,-5.171288743882545,-3.9294871794871793,0.05150394891614855,-6.255102040816326,1600000000.0,1920000000.0,2470000000.0,1689999999.0,1340000000.0,39500000000.0,38900000000.0,37400000000.0,22300000000.0,20700000000.0,0
00113261,1,0,010170,대한광통신,95500000000.0,40300000000.0,10320000000.0,12900000000.0,40200000000.0,5020000000.0,55200000000.0,36180000000.0,20560000000.0,7109999999.0,0.0,17210000000.0,2004-08-02,13176000000.0,1900.0,1900.0,0.10806282722513087,0.12456575682382134,0.32694789081885856,0.3208955223880597,-3.2103825136612016,2.6247011952191235,0.3641791044776119,0.6408560311284047,-4720000000.0,1520000000.0,3140000000.0,-3250000000.0,-1570000000.0,35200000000.0,40000000000.0,38400000000.0,10900000000.0,14200000000.0,0
00114154,1,0,024900,덕양산업,126900000000.0,61400000000.0,19350000000.0,90300000000.0,54300000000.0,5990000000.0,65500000000.0,205269999999.0,16469999999.0,8290000000.0,9500000000.0,15240000000.0,2004-08-02,26345068820.0,7950.0,7950.0,0.1524822695035461,0.09755700325732902,0.4290727820846906,1.6629834254143647,0.9413526367854066,4.398175095158598,0.12834349305854895,1.5995791634243826,5010000000.0,5430000000.0,3690000000.0,1770000000.0,130000000.0,57800000000.0,50600000000.0,48300000000.0,38700000000.0,36900000000.0,0
00114808,1,0,086450,동국제약,49400000000.0,36300000000.0,29310000000.0,29700000000.0,9500000000.0,4760000000.0,13100000000.0,50960000000.0,9370000000.0,6559999999.0,48300000000.0,9330000000.0,2004-08-02,,,,0.5933198380566802,0.13112947658402205,,3.1263157894736837,,,,,4460000000.0,3240000000.0,1789999999.0,3470000000.0,,36600000000.0,32100000000.0,30900000000.0,19500000000.0,,0
00115977,1,0,010780,아이에스동서,255600000000.0,151000000000.0,49460000000.0,128200000000.0,28000000000.0,29030000000.0,104600000000.0,159470000000.0,26689999999.0,30050000000.0,0.0,53079999999.0,2004-08-02,137378597500.0,11500.0,11500.0,0.1935054773082942,0.19225165562913907,0.9097920364238412,4.5785714285714265,0.1717880399819921,4.732297537030658,0.8614698532639368,5.147193612032491,38950000000.0,-2340000000.0,7230000000.0,-24890000000.0,-36930000000.0,122000000000.0,56300000000.0,58600000000.0,45500000000.0,55100000000.0,1
00118044,1,0,030720,동원수산,94200000000.0,33700000000.0,-1520000000.0,52600000000.0,39400000000.0,-5860000000.0,60500000000.0,75350000000.0,4470000000.0,-5960000000.0,0.0,-2640000000.0,2004-08-02,20892759600.0,8100.0,8100.0,-0.01613588110403397,-0.17388724035608308,0.6199631928783382,1.3350253807106598,-0.3781214234619346,-3.565317337883959,0.2772761725282017,4.6739954362416105,819999999.0,1060000000.0,1520000000.0,3010000000.0,819999999.0,40200000000.0,39500000000.0,38800000000.0,38800000000.0,27900000000.0,0
00119007,1,0,009580,무림P&P,382300000000.0,134000000000.0,18770000000.0,129100000000.0,39300000000.0,630000000.0,248300000000.0,233450000000.0,17780000000.0,14230000000.0,0.0,28850000000.0,2004-08-02,33008400000.0,3460.0,3460.0,0.04909756735547999,0.004701492537313433,0.2463313432835821,3.284987277353689,-3.6112019970674134,52.394285714285715,0.14139387449132576,1.856490438695163,-24400000000.0,-21780000000.0,76790000000.0,43530000000.0,-73200000000.0,133400000000.0,159100000000.0,180900000000.0,40300000000.0,-87000000000.0,0
00120289,1,0,026040,제이에스티나,43100000000.0,18200000000.0,11010000000.0,29900000000.0,24500000000.0,-950000000.0,24900000000.0,37910000000.0,-1689999999.0,-910000000.0,0.0,-420000000.0,2004-08-02,9362555000.0,1035.0,1035.0,0.2554524361948956,-0.0521978021978022,0.5144260989010989,1.2204081632653059,0.534042256627598,-9.855321052631579,0.2469679504088631,-5.539973376059157,1330000000.0,2970000000.0,2039999999.0,1830000000.0,2240000000.0,20900000000.0,19300000000.0,17500000000.0,12600000000.0,6400000000.0,0
00120571,1,0,005300,롯데칠성음료,1064600000000.0,727300000000.0,468089999999.0,414400000000.0,337100000000.0,120250000000.0,337300000000.0,1108670000000.0,144420000000.0,161550000000.0,20000000000.0,221280000000.0,2004-08-02,835112025000.0,693000.0,693000.0,0.43968626714164943,0.16533754984188093,1.1482359755259175,1.2293088104420054,0.09232294314047268,6.9447985446985445,0.7532557253285468,5.782523369339428,121180000000.0,97260000000.0,72580000000.0,20870000000.0,4640000000.0,606800000000.0,485700000000.0,381400000000.0,311500000000.0,284700000000.0,0
00121570,1,0,008420,문배철강,74100000000.0,48600000000.0,12720000000.0,47600000000.0,23400000000.0,6400000000.0,25500000000.0,121870000000.0,-7250000000.0,6459999999.0,6500000000.0,9850000000.0,2004-08-02,17222944200.0,850.0,850.0,0.17165991902834007,0.13168724279835392,0.3543815679012346,2.034188034188034,1.2831720142250709,2.69108503125,0.14132226306720275,-2.375578510344828,5440000000.0,850000000.0,3060000000.0,3190000000.0,-2200000000.0,41900000000.0,37500000000.0,37100000000.0,35900000000.0,29800000000.0,0
00124726,1,0,005180,빙그레,292300000000.0,165800000000.0,149570000000.0,107800000000.0,91100000000.0,26320000000.0,126500000000.0,500660000000.0,56600000000.0,38620000000.0,70000000000.0,58350000000.0,2004-08-02,248283462950.0,25400.0,25400.0,0.5117003079028396,0.15874547647768394,1.4974877138118214,1.1833150384193194,-0.07531713863587386,9.433262270136778,0.4959123216354413,4.3866336210247345,-7000000000.0,10220000000.0,8780000000.0,14260000000.0,8109999999.0,141900000000.0,136600000000.0,131000000000.0,115900000000.0,89400000000.0,0
00125965,1,0,111870,삼본전자,10900000000.0,7500000000.0,3910000000.0,7600000000.0,2800000000.0,1280000000.0,3400000000.0,21610000000.0,640000000.0,1440000000.0,0.0,1689999999.0,2004-08-02,,,,0.3587155963302752,0.17066666666666666,,2.7142857142857144,,,,,610000000.0,1010000000.0,750000000.0,,,6500000000.0,6100000000.0,5100000000.0,,,0
00126487,1,0,007700,F&F,109800000000.0,64300000000.0,104200000000.0,72100000000.0,25400000000.0,6030000000.0,45500000000.0,187730000000.0,18950000000.0,14040000000.0,6000000000.0,13730000000.0,2004-08-02,16016000000.0,1090.0,1090.0,0.9489981785063752,0.0937791601866252,0.2490824261275272,2.8385826771653533,1.6608391608391608,2.6560530679933665,0.08531401480850156,0.8451715039577836,16200000000.0,11790000000.0,7140000000.0,4040000000.0,2270000000.0,71400000000.0,88500000000.0,77300000000.0,49800000000.0,29300000000.0,0
00127802,1,0,004380,삼익THK,96900000000.0,47600000000.0,21940000000.0,63100000000.0,22900000000.0,6360000000.0,49300000000.0,82820000000.0,980000000.0,10100000000.0,10000000000.0,10330000000.0,2004-08-02,58800000000.0,5800.0,5800.0,0.2264189886480908,0.13361344537815126,1.2352941176470589,2.7554585152838427,0.2346938775510204,9.245283018867925,0.709973436368027,60.0,4620000000.0,2780000000.0,2450000000.0,3310000000.0,430000000.0,40100000000.0,37800000000.0,35000000000.0,35600000000.0,26600000000.0,0
00128926,1,0,017480,삼현철강,49400000000.0,27700000000.0,11480000000.0,31000000000.0,21100000000.0,3200000000.0,21700000000.0,130300000000.0,1730000000.0,4440000000.0,6000000000.0,5380000000.0,2004-08-02,11463109700.0,735.0,735.0,0.2323886639676113,0.11552346570397112,0.4138306750902527,1.4691943127962086,0.8112981767940335,3.58222178125,0.08797474827321565,6.626074971098268,3479999999.0,2450000000.0,2520000000.0,950000000.0,-100000000.0,24400000000.0,22200000000.0,21600000000.0,13100000000.0,12100000000.0,0
00128980,1,0,010960,삼호개발,44500000000.0,21700000000.0,6120000000.0,29200000000.0,17800000000.0,919999999.0,22800000000.0,81850000000.0,6000000000.0,1220000000.0,2100000000.0,3160000000.0,2004-08-02,6149000000.0,430.0,430.0,0.13752808988764045,0.04239631331797235,0.2833640552995392,1.6404494382022472,1.0408196454708083,6.6836956594388,0.07512522907758094,1.0248333333333333,1120000000.0,2650000000.0,4670000000.0,1700000000.0,,20700000000.0,15600000000.0,12900000000.0,9400000000.0,,0
00129013,1,0,011150,CJ씨푸드,53700000000.0,18400000000.0,21110000000.0,34800000000.0,29400000000.0,3040000000.0,35300000000.0,155020000000.0,-2170000000.0,60000000.0,0.0,4710000000.0,2004-08-02,17785732635.0,505.0,505.0,0.3931098696461825,0.16521739130434782,0.966615904076087,1.1836734693877549,-0.028112420795984826,5.8505699457236835,0.11473185805057412,-8.19619015437788,43040000000.0,-6310000000.0,3629999999.0,-10950000000.0,-4270000000.0,15100000000.0,-51700000000.0,-45700000000.0,-43400000000.0,-27700000000.0,0
00129235,1,0,004450,삼화왕관,104300000000.0,86400000000.0,16830000000.0,29300000000.0,16500000000.0,12950000000.0,18000000000.0,68320000000.0,4160000000.0,8440000000.0,75000000000.0,22720000000.0,2004-08-02,32619252150.0,8440.0,8440.0,0.16136145733461169,0.14988425925925927,0.377537640625,1.775757575757576,0.3464211855022556,2.51886116988417,0.4774480701112413,7.841166382211537,-5370000000.0,6500000000.0,8130000000.0,4420000000.0,1290000000.0,82600000000.0,88300000000.0,83700000000.0,76700000000.0,77500000000.0,0
00129387,1,0,000390,삼화페인트공업,170700000000.0,99500000000.0,40240000000.0,104000000000.0,44400000000.0,7209999999.0,71200000000.0,201220000000.0,2570000000.0,12640000000.0,15000000000.0,17720000000.0,2004-08-02,58240000000.0,2605.0,2605.0,0.2357352079671939,0.07246231154773869,0.5853266331658291,2.3423423423423424,0.5631868131868132,8.077669904032964,0.28943444985587913,22.661478599221788,8990000000.0,4990000000.0,4310000000.0,4790000000.0,4360000000.0,97500000000.0,88500000000.0,86400000000.0,86900000000.0,66800000000.0,0
00134510,1,0,033530,세종공업,144700000000.0,102800000000.0,31380000000.0,101000000000.0,32400000000.0,11260000000.0,41900000000.0,200920000000.0,-910000000.0,9960000000.0,17500000000.0,21420000000.0,2004-08-02,51640157250.0,2645.0,2645.0,0.2168624740843124,0.10953307392996108,0.5023361600194552,3.1172839506172836,1.144458172617203,4.586159613676732,0.25701850114473423,-56.74742554945055,7440000000.0,9860000000.0,8910000000.0,7209999999.0,3890000000.0,88300000000.0,85500000000.0,76300000000.0,72400000000.0,64300000000.0,0
00136004,1,0,025870,신라에스지,29600000000.0,22700000000.0,2039999999.0,10000000000.0,3500000000.0,440000000.0,6900000000.0,21030000000.0,2350000000.0,540000000.0,2500000000.0,1060000000.0,2004-08-02,7060000000.0,1890.0,1890.0,0.06891891888513514,0.019383259911894272,0.3110132158590309,2.8571428571428568,0.4390934844192633,16.045454545454547,0.3357108892058963,3.0042553191489363,-320000000.0,60000000.0,409999999.0,1100000000.0,640000000.0,22300000000.0,22600000000.0,22500000000.0,22200000000.0,20900000000.0,0
00136448,1,0,002800,신신제약,16500000000.0,8500000000.0,8680000000.0,10400000000.0,4500000000.0,600000000.0,8000000000.0,20140000000.0,1760000000.0,1739999999.0,1000000000.0,1800000000.0,2004-08-02,,,,0.526060606060606,0.07058823529411765,,2.311111111111111,,,,,550000000.0,450000000.0,220000000.0,330000000.0,,8200000000.0,7800000000.0,7300000000.0,7100000000.0,,0
00136624,1,0,005800,신영와코루,195200000000.0,165500000000.0,70390000000.0,90800000000.0,24900000000.0,9790000000.0,29700000000.0,156190000000.0,8890000000.0,12000000000.0,150000000000.0,16210000000.0,2004-08-02,31140000000.0,34600.0,34600.0,0.3606045081967213,0.059154078549848936,0.1881570996978852,3.646586345381526,1.9621066152858049,3.1807967313585293,0.1993725590626801,3.50281214848144,10930000000.0,8780000000.0,6900000000.0,4990000000.0,4360000000.0,157100000000.0,146100000000.0,119700000000.0,104900000000.0,101700000000.0,0
00136925,1,0,017000,신원종합개발,162200000000.0,118400000000.0,6340000000.0,87900000000.0,7600000000.0,750000000.0,43800000000.0,46510000000.0,43520000000.0,170000000.0,0.0,1789999999.0,2004-08-02,18625851430.0,375.0,375.0,0.03908754623921085,0.00633445945945946,0.157312934375,11.56578947368421,2.3676769980549555,24.83446857333333,0.4004698221887766,0.4279837185202206,25410000000.0,-17360000000.0,-53250000000.0,-19460000000.0,,119800000000.0,24200000000.0,44600000000.0,47100000000.0,,0
00137809,1,0,001770,신화실업,49300000000.0,17100000000.0,7690000000.0,19000000000.0,25100000000.0,1410000000.0,32200000000.0,43980000000.0,-1689999999.0,4520000000.0,40000000000.0,5440000000.0,2004-08-02,5058000000.0,5460.0,5460.0,0.15598377281947262,0.0824561403508772,0.2957894736842105,0.7569721115537849,-2.609727164887308,3.587234042553192,0.1150068212824011,-2.9928994100549704,1680000000.0,-8230000000.0,290000000.0,-1280000000.0,900000000.0,16000000000.0,17700000000.0,25900000000.0,21000000000.0,23600000000.0,0
00141389,1,0,036560,영풍정밀,37600000000.0,29700000000.0,4780000000.0,18200000000.0,6000000000.0,1710000000.0,7900000000.0,26520000000.0,300000000.0,1390000000.0,6000000000.0,2840000000.0,2004-08-02,8379000000.0,5330.0,5330.0,0.1271276595744681,0.05757575757575757,0.2821212121212121,3.033333333333333,1.2292636352786728,4.9,0.3159502262443439,27.93,1290000000.0,1500000000.0,2680000000.0,1200000000.0,500000000.0,27000000000.0,27400000000.0,24900000000.0,24700000000.0,20000000000.0,0
00141626,1,0,002630,오리엔트바이오,36700000000.0,13400000000.0,5200000000.0,19600000000.0,15700000000.0,-25530000000.0,23300000000.0,30720000000.0,5530000000.0,-12100000000.0,0.0,-22200000000.0,2004-08-02,23370000000.0,620.0,620.0,0.14168937329700276,-1.905223880597015,1.7440298507462686,1.248407643312102,-0.15832263585793752,-0.9153936545240892,0.7607421875,4.2260397830018075,-7459999999.0,-13800000000.0,3120000000.0,-8800000000.0,-3920000000.0,40600000000.0,47500000000.0,86500000000.0,58700000000.0,51900000000.0,0
00143794,1,0,005820,원림,78900000000.0,45100000000.0,7690000000.0,26200000000.0,31600000000.0,380000000.0,33800000000.0,67620000000.0,229999999.0,2930000000.0,25000000000.0,2170000000.0,2004-08-02,11990000000.0,5450.0,5450.0,0.09746514575411913,0.008425720620842573,0.2658536585365854,0.8291139240506329,-0.6338615512927439,31.552631578947373,0.17731440402247856,52.13043500926276,2050000000.0,2230000000.0,1330000000.0,1320000000.0,5170000000.0,45200000000.0,44400000000.0,43000000000.0,24500000000.0,21700000000.0,0
00143907,1,0,012620,원일특강,38300000000.0,17500000000.0,6500000000.0,25200000000.0,15800000000.0,1650000000.0,20800000000.0,57700000000.0,4930000000.0,2970000000.0,3500000000.0,3690000000.0,2004-08-02,4796000000.0,1180.0,1180.0,0.16971279373368145,0.09428571428571428,0.27405714285714283,1.5949367088607596,0.9174311926605504,2.9066666666666667,0.08311958405545927,0.9728194726166328,2150000000.0,2240000000.0,2450000000.0,2320000000.0,480000000.0,15900000000.0,14100000000.0,12000000000.0,9700000000.0,7300000000.0,0
00144818,1,0,000220,유유제약,56700000000.0,42300000000.0,29520000000.0,25300000000.0,9300000000.0,3900000000.0,14500000000.0,44720000000.0,4079999999.0,6290000000.0,18000000000.0,7700000000.0,2004-08-02,15458642100.0,12600.0,12600.0,0.5206349206349207,0.09219858156028367,0.3654525319148936,2.720430107526881,0.6986383364163661,3.9637543846153847,0.3456762544722719,3.7888828685757066,3110000000.0,2380000000.0,1180000000.0,880000000.0,690000000.0,41200000000.0,37800000000.0,30600000000.0,12300000000.0,11900000000.0,0
00145686,1,0,000760,이화산업,112900000000.0,62300000000.0,12050000000.0,72800000000.0,41900000000.0,280000000.0,50600000000.0,98500000000.0,-4300000000.0,-1410000000.0,0.0,4480000000.0,2004-08-02,9380000000.0,3310.0,3310.0,0.10673162090345438,0.0044943820224719105,0.15056179775280898,1.7374701670644392,2.3667377398720686,33.5,0.09522842639593908,-2.181395348837209,-1730000000.0,-2120000000.0,1930000000.0,4040000000.0,4390000000.0,62000000000.0,63700000000.0,66200000000.0,64600000000.0,61500000000.0,0
00145862,1,0,034590,인천도시가스,132000000000.0,55800000000.0,33810000000.0,61700000000.0,55800000000.0,5660000000.0,76200000000.0,271019999999.0,13880000000.0,7859999999.0,0.0,17000000000.0,2004-08-02,,,,0.2561363636363637,0.1014336917562724,,1.1057347670250897,,,,,7600000000.0,4870000000.0,6750000000.0,5690000000.0,,50100000000.0,46000000000.0,44000000000.0,39000000000.0,,0
00146542,1,0,008500,일정실업,93800000000.0,55300000000.0,14000000000.0,35200000000.0,19700000000.0,7959999999.0,38500000000.0,75150000000.0,4710000000.0,9350000000.0,125000000000.0,12910000000.0,2004-08-02,17040000000.0,15000.0,15000.0,0.14925373134328354,0.14394213379746834,0.3081374321880651,1.7868020304568528,-0.1936619718309859,2.1407035178568723,0.22674650698602794,3.617834394904458,9680000000.0,7780000000.0,9370000000.0,6240000000.0,660000000.0,47700000000.0,39600000000.0,33300000000.0,25400000000.0,19500000000.0,0
00146560,1,0,019540,일지테크,38300000000.0,26100000000.0,8800000000.0,13100000000.0,9900000000.0,4000000000.0,12200000000.0,63870000000.0,10310000000.0,4270000000.0,3800000000.0,9870000000.0,2004-08-02,12355200000.0,900.0,900.0,0.2297650130548303,0.1532567049808429,0.4733793103448276,1.3232323232323229,0.07284382284382285,3.0888,0.1934429309534993,1.1983705140640155,2089999999.0,1240000000.0,1060000000.0,2350000000.0,680000000.0,22600000000.0,20800000000.0,19800000000.0,12500000000.0,11000000000.0,0
00150439,1,0,003780,진양산업,91600000000.0,81200000000.0,5730000000.0,13600000000.0,4500000000.0,5150000000.0,10400000000.0,41770000000.0,1030000000.0,3010000000.0,1200000000.0,6490000000.0,2004-08-02,12163500000.0,2250.0,2250.0,0.06255458515283842,0.06342364532019705,0.14979679802955664,3.0222222222222217,0.26308217207218315,2.361844660194175,0.2912018194876706,11.809223300970874,3090000000.0,2300000000.0,1150000000.0,2680000000.0,2030000000.0,76200000000.0,72900000000.0,91200000000.0,91900000000.0,76100000000.0,0
00154718,1,0,082920,비츠로셀,21700000000.0,13200000000.0,4179999999.0,9900000000.0,6800000000.0,1260000000.0,8500000000.0,24270000000.0,1939999999.0,1810000000.0,0.0,3560000000.0,2004-08-02,,,,0.1926267280645161,0.09545454545454546,,1.4558823529411764,,,,,15140000000.0,-2130000000.0,-1090000000.0,240000000.0,,12000000000.0,-8500000000.0,-6400000000.0,-16900000000.0,,0
00155382,1,0,065940,바이오빌,27000000000.0,23900000000.0,2250000000.0,20900000000.0,2000000000.0,670000000.0,3100000000.0,15960000000.0,1920000000.0,-10000000.0,6500000000.0,819999999.0,2004-08-02,10400000000.0,1600.0,1600.0,0.08333333333333333,0.02803347280334728,0.4351464435146444,10.45,1.7115384615384617,15.522388059701493,0.6516290726817042,5.416666666666668,2400000000.0,2250000000.0,1019999999.0,2720000000.0,,18100000000.0,15700000000.0,12800000000.0,11700000000.0,,0
00156691,1,0,005430,한국공항,291000000000.0,155600000000.0,31339999999.0,112400000000.0,54400000000.0,11790000000.0,135400000000.0,236850000000.0,19190000000.0,11600000000.0,50000000000.0,26050000000.0,2004-08-02,32930092000.0,10300.0,10300.0,0.10769759449828176,0.07577120822622108,0.21163298200514136,2.0661764705882355,-0.6984493089178129,2.7930527565733674,0.13903353177116318,1.7160027097446586,2550000000.0,-2070000000.0,3010000000.0,5310000000.0,6340000000.0,92500000000.0,82900000000.0,86800000000.0,100900000000.0,25000000000.0,0
00159290,1,0,023890,한국아트라스비엑스,102000000000.0,46700000000.0,18880000000.0,35300000000.0,37700000000.0,-5020000000.0,55400000000.0,135370000000.0,-600000000.0,-1900000000.0,0.0,8610000000.0,2004-08-02,11437500000.0,1180.0,1180.0,0.18509803921568627,-0.1074946466809422,0.2449143468950749,0.9363395225464192,-1.7573770491803278,-2.2783864541832672,0.08449065524119083,-19.0625,-3970000000.0,-3510000000.0,6000000000.0,7109999999.0,4390000000.0,51700000000.0,55800000000.0,59700000000.0,54700000000.0,21900000000.0,0
00161781,1,0,025980,아난티,7600000000.0,3500000000.0,660000000.0,4600000000.0,4100000000.0,-290000000.0,4200000000.0,10910000000.0,70000000.0,-310000000.0,0.0,-120000000.0,2004-08-02,10920000000.0,1400.0,1400.0,0.0868421052631579,-0.08285714285714285,3.12,1.1219512195121952,0.03663003663003663,-37.6551724137931,1.000916590284143,156.0,650000000.0,-930000000.0,520000000.0,2160000000.0,1560000000.0,3900000000.0,3300000000.0,12900000000.0,12200000000.0,7100000000.0,0
00162586,1,0,009420,한올바이오파마,70400000000.0,44300000000.0,35780000000.0,55200000000.0,19500000000.0,2020000000.0,26100000000.0,58470000000.0,3620000000.0,5370000000.0,2300000000.0,5410000000.0,2004-08-02,12315000000.0,4170.0,4170.0,0.5082386363636363,0.04559819413092552,0.2779909706546275,2.830769230769232,2.3629719853836786,6.096534653465348,0.2106208311954849,3.4019337016574585,2650000000.0,8180000000.0,5020000000.0,2370000000.0,830000000.0,43000000000.0,42300000000.0,35500000000.0,31500000000.0,30800000000.0,0
00165060,1,0,013030,하이록코리아,56500000000.0,22100000000.0,9580000000.0,39900000000.0,26400000000.0,2510000000.0,34400000000.0,36070000000.0,3170000000.0,4020000000.0,7500000000.0,5690000000.0,2004-08-02,9671942640.0,820.0,820.0,0.1695575221238938,0.11357466063348415,0.4376444633484163,1.5113636363636365,0.5686551507505632,3.8533636015936255,0.2681436828389243,3.051086006309148,1420000000.0,4480000000.0,3050000000.0,2130000000.0,1000000000.0,19600000000.0,15900000000.0,12200000000.0,8400000000.0,7100000000.0,0
00165413,1,0,011170,롯데케미칼,1690400000000.0,1094100000000.0,241710000000.0,404100000000.0,304400000000.0,210660000000.0,596400000000.0,1460340000000.0,319380000000.0,172050000000.0,50000000000.0,453780000000.0,2004-08-02,1306260000000.0,41400.0,41400.0,0.14298982489351633,0.1925418151905676,1.1939128050452428,1.3275295663600526,-0.14721418400624686,6.200797493591567,0.8944903241710834,4.089986849520947,59550000000.0,7430000000.0,34870000000.0,36690000000.0,53100000000.0,895000000000.0,832800000000.0,830300000000.0,809800000000.0,310800000000.0,0
00172228,1,0,085310,엔케이,56400000000.0,28900000000.0,8740000000.0,23400000000.0,16800000000.0,2470000000.0,27500000000.0,59000000000.0,790000000.0,3479999999.0,0.0,7430000000.0,2004-08-02,,,,0.1549645390070922,0.08546712802768168,,1.3928571428571428,,,,,1960000000.0,3030000000.0,650000000.0,1220000000.0,,26400000000.0,24500000000.0,21400000000.0,20800000000.0,,0
00172936,1,0,004890,동일산업,111900000000.0,47800000000.0,15869999999.0,37000000000.0,55400000000.0,6950000000.0,64100000000.0,165640000000.0,3279999999.0,7950000000.0,0.0,15580000000.0,2004-08-02,,,,0.14182305629133155,0.14539748953974896,,0.6678700361010831,,,,,7270000000.0,2490000000.0,4890000000.0,6780000000.0,,39700000000.0,29600000000.0,24700000000.0,21700000000.0,,0
00172945,1,0,023790,동일철강,20800000000.0,6500000000.0,919999999.0,6600000000.0,10900000000.0,-650000000.0,14300000000.0,10730000000.0,170000000.0,190000000.0,0.0,140000000.0,2004-08-02,4275000000.0,46550.0,46550.0,0.044230769182692316,-0.1,0.6576923076923077,0.6055045871559633,-1.8011695906432748,-6.5769230769230775,0.3984156570363467,25.14705882352941,440000000.0,550000000.0,500000000.0,-940000000.0,-5440000000.0,7100000000.0,6700000000.0,6200000000.0,5600000000.0,6500000000.0,0
00173102,1,0,012690,모나리자,41300000000.0,31800000000.0,13460000000.0,21200000000.0,8300000000.0,2530000000.0,9500000000.0,58020000000.0,5620000000.0,890000000.0,6000000000.0,4310000000.0,2004-08-02,17919914950.0,480.0,480.0,0.32590799031477,0.07955974842767295,0.5635193380503145,2.55421686746988,0.6529048844620772,7.08297033596838,0.30885754825922096,3.1885969661921707,5030000000.0,24840000000.0,-5390000000.0,11950000000.0,-70340000000.0,32500000000.0,28000000000.0,-31400000000.0,-26000000000.0,-39800000000.0,0
00173795,1,0,004080,신흥,98000000000.0,52800000000.0,40370000000.0,38000000000.0,34200000000.0,8950000000.0,45200000000.0,109150000000.0,9960000000.0,14469999999.0,20000000000.0,15419999999.0,2004-08-02,40320000000.0,3850.0,3850.0,0.4119387755102041,0.16950757575757575,0.7636363636363637,1.1111111111111112,-0.17857142857142858,4.5050279329608935,0.3693999083829592,4.048192771084337,7340000000.0,7559999999.0,7700000000.0,7890000000.0,4860000000.0,46300000000.0,42200000000.0,37400000000.0,99700000000.0,26600000000.0,0
00173944,1,0,105840,우진,32500000000.0,15500000000.0,3829999999.0,13600000000.0,10300000000.0,750000000.0,17000000000.0,31830000000.0,3579999999.0,1939999999.0,700000000.0,2640000000.0,2004-08-02,,,,0.11784615381538464,0.04838709677419355,,1.3203883495145632,,,,,690000000.0,969999999.0,2940000000.0,930000000.0,,14700000000.0,14100000000.0,13400000000.0,11000000000.0,,0
00174004,1,0,002920,유성기업,153000000000.0,106800000000.0,11670000000.0,65500000000.0,32100000000.0,10650000000.0,46200000000.0,130959999999.0,14860000000.0,6260000000.0,8700000000.0,19500000000.0,2004-08-02,35280532000.0,13550.0,13550.0,0.07627450980392157,0.0997191011235955,0.33034205992509363,2.0404984423676007,0.5470439051202516,3.3127260093896718,0.26939929749747554,2.3741946164199192,16050000000.0,2640000000.0,5850000000.0,7109999999.0,1120000000.0,96900000000.0,81800000000.0,79600000000.0,86200000000.0,73100000000.0,0
00175173,1,0,031510,오스템,72900000000.0,17700000000.0,10280000000.0,27400000000.0,35700000000.0,280000000.0,55200000000.0,111759999999.0,3900000000.0,2450000000.0,0.0,9120000000.0,2004-08-02,10437280000.0,580.0,580.0,0.14101508916323732,0.015819209039548022,0.5896768361581921,0.7675070028011205,-2.6635291953459137,37.275999999999996,0.09339012169016993,2.676225641025641,90000000.0,1300000000.0,2170000000.0,2970000000.0,650000000.0,17500000000.0,17600000000.0,17500000000.0,14400000000.0,14500000000.0,0
00177199,1,0,024090,디씨엠,55700000000.0,50800000000.0,6630000000.0,34600000000.0,4100000000.0,4129999999.0,4900000000.0,39730000000.0,1110000000.0,3520000000.0,10000000000.0,4360000000.0,2004-08-02,19320000000.0,1600.0,1600.0,0.11903052064631955,0.08129921257874016,0.3803149606299213,8.439024390243903,1.5372670807453417,4.677966102827595,0.4862824062421344,17.40540540540541,3540000000.0,3550000000.0,2230000000.0,3130000000.0,4650000000.0,48300000000.0,45900000000.0,43000000000.0,42700000000.0,27700000000.0,0
00177320,1,0,036480,대성미생물,18400000000.0,15800000000.0,4340000000.0,10900000000.0,1400000000.0,630000000.0,2600000000.0,13210000000.0,1360000000.0,1010000000.0,7500000000.0,1600000000.0,2004-08-02,5529000000.0,14100.0,14100.0,0.2358695652173913,0.03987341772151898,0.3499367088607595,7.7857142857142865,1.5011756194610235,8.776190476190477,0.4185465556396669,4.065441176470588,1260000000.0,1210000000.0,819999999.0,1789999999.0,1320000000.0,15200000000.0,14300000000.0,13500000000.0,6200000000.0,5000000000.0,0
00178790,1,0,079960,동양이엔피,38700000000.0,19600000000.0,16180000000.0,22900000000.0,18600000000.0,8710000000.0,19100000000.0,123370000000.0,16950000000.0,11040000000.0,35000000000.0,12270000000.0,2004-08-02,,,,0.4180878552971576,0.4443877551020408,,1.2311827956989247,,,,,5120000000.0,2010000000.0,1480000000.0,1140000000.0,,10300000000.0,6500000000.0,4400000000.0,3300000000.0,,0
00178851,1,0,060380,동양에스텍,41500000000.0,26900000000.0,13830000000.0,30100000000.0,13100000000.0,4490000000.0,14600000000.0,134900000000.0,3450000000.0,7559999999.0,8900000000.0,6450000000.0,2004-08-02,11654500000.0,1630.0,1630.0,0.3332530120481928,0.16691449814126394,0.4332527881040893,2.2977099236641223,1.3299583851731092,2.5956570155902003,0.08639362490733878,3.3781159420289857,4250000000.0,930000000.0,2470000000.0,1090000000.0,280000000.0,22500000000.0,14200000000.0,13200000000.0,10300000000.0,9200000000.0,0
00180795,1,0,023810,인팩,30000000000.0,15600000000.0,7980000000.0,11800000000.0,12100000000.0,1110000000.0,14300000000.0,52240000000.0,4560000000.0,3690000000.0,7500000000.0,3210000000.0,2004-08-02,8250000000.0,820.0,820.0,0.266,0.07115384615384615,0.5288461538461539,0.975206611570248,-0.30303030303030304,7.432432432432432,0.1579249617151608,1.8092105263157887,1530000000.0,1410000000.0,1330000000.0,1140000000.0,140000000.0,13500000000.0,12400000000.0,10100000000.0,10300000000.0,5800000000.0,1
00183914,1,0,025920,우경,32000000000.0,10000000000.0,4840000000.0,17100000000.0,21400000000.0,1400000000.0,22000000000.0,50460000000.0,-400000000.0,1639999999.0,2500000000.0,2180000000.0,2004-08-02,4590000000.0,4490.0,4490.0,0.15125,0.14,0.45899999999999996,0.7990654205607477,-1.0675381263616557,3.2785714285714285,0.09096313912009513,-11.475,810000000.0,90000000.0,-670000000.0,120000000.0,60000000.0,8600000000.0,7800000000.0,7700000000.0,9000000000.0,4300000000.0,0
00186452,1,0,029480,바른테크놀로지,47300000000.0,26100000000.0,7880000000.0,31600000000.0,20300000000.0,630000000.0,21200000000.0,41950000000.0,9770000000.0,919999999.0,0.0,3620000000.0,2004-08-02,5197106200.0,275.0,275.0,0.16659619450317126,0.02413793103448276,0.1991228429118774,1.5566502463054188,2.0011136197293795,8.249374920634919,0.12388810965435045,0.531945363357216,-3810000000.0,-270000000.0,1510000000.0,1200000000.0,360000000.0,20600000000.0,25300000000.0,26600000000.0,14600000000.0,13800000000.0,1
00188797,1,0,119500,포메탈,13100000000.0,4800000000.0,2510000000.0,6100000000.0,5500000000.0,420000000.0,8300000000.0,22610000000.0,140000000.0,720000000.0,1900000000.0,1889999999.0,2004-08-02,,,,0.1916030534351145,0.0875,,1.1090909090909091,,,,,220000000.0,20000000.0,330000000.0,240000000.0,,4400000000.0,4300000000.0,4300000000.0,3900000000.0,,0
00189538,1,0,032580,피델릭스,21800000000.0,18000000000.0,2490000000.0,11000000000.0,1000000000.0,-7840000000.0,3900000000.0,9810000000.0,5340000000.0,-3620000000.0,0.0,-5090000000.0,2004-08-02,18080649600.0,1530.0,1530.0,0.11422018348623855,-0.4355555555555555,1.004480533333333,11.0,0.3926850061847336,-2.3062053061224494,1.8430835474006115,3.385889438202247,-17420000000.0,-950000000.0,-2620000000.0,-2810000000.0,720000000.0,23800000000.0,43100000000.0,44000000000.0,45900000000.0,9400000000.0,1
00197476,1,0,029960,코엔텍,66200000000.0,29400000000.0,10960000000.0,5500000000.0,10200000000.0,4320000000.0,36800000000.0,30310000000.0,10160000000.0,8710000000.0,1500000000.0,13090000000.0,2004-08-02,28750000000.0,6050.0,6050.0,0.16555891238670695,0.1469387755102041,0.9778911564625852,0.5392156862745098,-1.088695652173913,6.655092592592593,0.9485318376773342,2.8297244094488185,3700000000.0,220000000.0,190000000.0,570000000.0,,25500000000.0,21800000000.0,20400000000.0,20800000000.0,,0
00200910,1,0,031310,아이즈비전,43900000000.0,15000000000.0,16060000000.0,11000000000.0,8900000000.0,1380000000.0,28900000000.0,23760000000.0,1290000000.0,160000000.0,0.0,3190000000.0,2004-08-02,9053186800.0,6800.0,6800.0,0.36583143507972665,0.092,0.6035457866666667,1.2359550561797752,-1.9772043143967823,6.560280289855072,0.3810263804713805,7.017974263565893,-4930000000.0,-38750000000.0,-19460000000.0,-31010000000.0,-19430000000.0,10300000000.0,17000000000.0,60100000000.0,9000000000.0,49700000000.0,0
00201131,1,0,032080,아즈텍WB,41700000000.0,25300000000.0,4930000000.0,27100000000.0,13100000000.0,1600000000.0,16500000000.0,57190000000.0,4050000000.0,2150000000.0,0.0,3600000000.0,2004-08-02,8097241280.0,6000.0,6000.0,0.11822541966426856,0.06324110671936757,0.3200490624505929,2.068702290076336,1.3090878279966482,5.0607758,0.14158491484525268,1.9993188345679007,2130000000.0,1410000000.0,2030000000.0,2680000000.0,930000000.0,23800000000.0,21700000000.0,20500000000.0,16200000000.0,13800000000.0,0
00202839,1,0,079170,한창산업,28600000000.0,25900000000.0,4630000000.0,23400000000.0,1300000000.0,2850000000.0,2600000000.0,29070000000.0,-2480000000.0,2300000000.0,20000000000.0,3290000000.0,2004-08-02,,,,0.1618881118881119,0.11003861003861004,,18.0,,,,,3860000000.0,3779999999.0,3890000000.0,3590000000.0,,23100000000.0,19700000000.0,16300000000.0,12900000000.0,,0
00208134,1,0,058400,KNN,77300000000.0,71100000000.0,24980000000.0,36200000000.0,5700000000.0,9410000000.0,6200000000.0,51440000000.0,6680000000.0,10460000000.0,4000000000.0,12840000000.0,2004-08-02,,,,0.32315653298835706,0.13234880450070324,,6.3508771929824555,,,,,9460000000.0,7790000000.0,17110000000.0,2780000000.0,,61500000000.0,55600000000.0,50900000000.0,34100000000.0,,0
00208444,1,0,031980,피에스케이홀딩스,56400000000.0,46200000000.0,9540000000.0,47200000000.0,7100000000.0,5540000000.0,10200000000.0,24980000000.0,440000000.0,4580000000.0,6400000000.0,6260000000.0,2004-08-02,37521799560.0,3300.0,3300.0,0.16914893617021276,0.11991341991341993,0.8121601636363637,6.647887323943663,0.9860934292566216,6.772888007220216,1.5020736413130504,85.27681718181819,-1770000000.0,1800000000.0,1939999999.0,5580000000.0,1160000000.0,41000000000.0,42700000000.0,40000000000.0,23800000000.0,11900000000.0,0
00210740,1,0,067080,대화제약,36100000000.0,25100000000.0,15169999999.0,18400000000.0,6700000000.0,4570000000.0,11000000000.0,23630000000.0,2250000000.0,5720000000.0,10000000000.0,6500000000.0,2004-08-02,12489000000.0,1125.0,1125.0,0.4202216066204986,0.1820717131474104,0.4975697211155378,2.7462686567164183,0.5925214188485868,2.7328227571115966,0.5285230639018197,5.550666666666666,5470000000.0,4610000000.0,1350000000.0,500000000.0,,16800000000.0,11400000000.0,6700000000.0,3500000000.0,,0
00216762,1,0,045100,한양이엔지,71100000000.0,40700000000.0,11450000000.0,44200000000.0,27100000000.0,4720000000.0,30400000000.0,103309999999.0,4830000000.0,6030000000.0,3600000000.0,8610000000.0,2004-08-02,14362500000.0,1950.0,1950.0,0.16104078762306612,0.11597051597051596,0.3528869778869779,1.6309963099630995,0.9608355091383812,3.042902542372881,0.13902332784956947,2.9736024844720497,2620000000.0,3860000000.0,4740000000.0,2930000000.0,300000000.0,36000000000.0,30600000000.0,30100000000.0,13300000000.0,8200000000.0,0
00217743,1,0,039610,화성밸브,21100000000.0,11000000000.0,4490000000.0,16100000000.0,5700000000.0,1210000000.0,10100000000.0,26300000000.0,600000000.0,1839999999.0,2700000000.0,2320000000.0,2004-08-02,4732000000.0,630.0,630.0,0.2127962085308057,0.11,0.43018181818181817,2.8245614035087723,1.267962806424345,3.9107438016528926,0.17992395437262354,7.886666666666668,1620000000.0,1590000000.0,1250000000.0,409999999.0,440000000.0,9900000000.0,8300000000.0,6800000000.0,2600000000.0,2200000000.0,1
00219574,1,0,044820,코스맥스비티아이,27300000000.0,11300000000.0,3779999999.0,13200000000.0,13900000000.0,-819999999.0,16000000000.0,25989999999.0,1760000000.0,260000000.0,2800000000.0,1350000000.0,2004-08-02,10912000000.0,1835.0,1835.0,0.13846153842490844,-0.07256637159292036,0.9656637168141592,0.9496402877697842,-0.2565982404692082,-13.307317089399168,0.4198537899353541,6.2,1300000000.0,1540000000.0,2300000000.0,1150000000.0,180000000.0,12600000000.0,9100000000.0,7600000000.0,4300000000.0,2400000000.0,0
00231691,1,0,032800,판타지오,8100000000.0,6200000000.0,400000000.0,4800000000.0,700000000.0,-4079999999.0,1900000000.0,2260000000.0,-1760000000.0,-2740000000.0,0.0,-2960000000.0,2004-08-02,11751349800.0,475.0,475.0,0.04938271604938271,-0.6580645159677421,1.8953790000000001,6.857142857142858,0.24678016137346195,-2.8802327948235864,5.199712300884956,-6.6769032954545455,-9090000000.0,-12680000000.0,-3310000000.0,-4430000000.0,229999999.0,7100000000.0,15600000000.0,18600000000.0,16200000000.0,9400000000.0,1
00235183,1,0,044780,에이치케이,33300000000.0,12700000000.0,3820000000.0,21000000000.0,10400000000.0,160000000.0,20600000000.0,28230000000.0,-570000000.0,1160000000.0,0.0,2520000000.0,2004-08-02,3857000000.0,365.0,365.0,0.11471471471471473,0.012598425196850394,0.3037007874015748,2.019230769230769,0.10370754472387866,24.10625,0.13662770102727595,-6.7666666666666675,-2520000000.0,220000000.0,1450000000.0,520000000.0,-869999999.0,11600000000.0,9800000000.0,9600000000.0,4600000000.0,3900000000.0,0
00238153,1,0,037070,파세코,65700000000.0,25700000000.0,17870000000.0,29500000000.0,39400000000.0,2270000000.0,40000000000.0,122890000000.0,-3379999999.0,3020000000.0,9400000000.0,9260000000.0,2004-08-02,14256000000.0,1005.0,1005.0,0.27199391171993914,0.08832684824902724,0.5547081712062257,0.7487309644670049,-0.7365319865319865,6.280176211453744,0.11600618439254615,-4.217751480537797,2790000000.0,1100000000.0,6110000000.0,4320000000.0,1350000000.0,24500000000.0,23300000000.0,24300000000.0,19700000000.0,8700000000.0,1
00240088,1,0,036920,지앤에스티,17700000000.0,4000000000.0,-1340000000.0,7800000000.0,11600000000.0,-4170000000.0,13700000000.0,14500000000.0,-2720000000.0,-4129999999.0,0.0,-2280000000.0,2004-08-02,2548064540.0,175.0,175.0,-0.07570621468926554,-1.0425,0.637016135,0.6724137931034483,-2.3154829508360883,-0.6110466522781774,0.17572858896551724,-0.9367884338235294,-14790000000.0,440000000.0,1490000000.0,2270000000.0,2039999999.0,5600000000.0,20500000000.0,20400000000.0,15100000000.0,7300000000.0,1
00243988,1,0,033630,에스케이브로드밴드,3381900000000.0,1731200000000.0,1375340000000.0,672600000000.0,822000000000.0,-165340000000.0,1650800000000.0,1375340000000.0,304160000000.0,75210000000.0,0.0,380580000000.0,2004-08-02,1097571052500.0,2410.0,2410.0,0.4066767201868772,-0.09550600739371534,0.6339943695124769,0.8182481751824817,-0.8912407062594246,-6.638266919680658,0.7980361601494903,3.6085318664518673,-123140000000.0,-244110000000.0,-299120000000.0,-70900000000.0,29470000000.0,1374700000000.0,1429300000000.0,1671200000000.0,1571700000000.0,992400000000.0,1
00244419,1,0,033430,디에스티,32100000000.0,30800000000.0,-560000000.0,13500000000.0,1200000000.0,-9740000000.0,1300000000.0,6090000000.0,-4740000000.0,-6100000000.0,0.0,-8740000000.0,2004-08-02,51790976000.0,1320.0,1320.0,-0.017445482866043614,-0.31623376623376626,1.6815251948051948,11.25,0.23556227247001485,-5.317348665297741,8.504265353037766,-10.926366244725738,-3460000000.0,-3020000000.0,-2110000000.0,509999999.0,270000000.0,28200000000.0,29200000000.0,32200000000.0,16300000000.0,5900000000.0,1
00244729,1,0,035210,티브로드도봉강북방송,73000000000.0,41000000000.0,9420000000.0,19700000000.0,21700000000.0,5570000000.0,32000000000.0,23170000000.0,5790000000.0,5040000000.0,5000000000.0,10380000000.0,2004-08-02,45532025000.0,21800.0,21800.0,0.12904109589041096,0.13585365853658538,1.1105371951219511,0.9078341013824884,-0.27013953365790344,8.174510771992816,1.9651283987915409,7.863907599309154,3000000000.0,2190000000.0,1470000000.0,930000000.0,750000000.0,31200000000.0,29600000000.0,26800000000.0,19600000000.0,7200000000.0,0
00244783,1,0,052600,한네트,23200000000.0,19700000000.0,2370000000.0,7200000000.0,1700000000.0,1110000000.0,3400000000.0,16710000000.0,4370000000.0,1550000000.0,5000000000.0,4250000000.0,2004-08-02,12028562000.0,1050.0,1050.0,0.1021551724137931,0.05634517766497463,0.6105869035532995,4.235294117647058,0.3159147369402926,10.836542342342343,0.7198421304608019,2.7525313501144164,2020000000.0,3240000000.0,2400000000.0,280000000.0,100000000.0,18500000000.0,16900000000.0,7600000000.0,5100000000.0,4600000000.0,0
00245472,1,0,064760,티씨케이,20700000000.0,17500000000.0,5840000000.0,11300000000.0,2900000000.0,2370000000.0,3100000000.0,15719999999.0,1810000000.0,3340000000.0,5000000000.0,4560000000.0,2004-08-02,18563250000.0,1630.0,1630.0,0.2821256038647343,0.13542857142857145,1.060757142857143,3.896551724137931,0.4417329939531063,7.832594936708863,1.180868320685806,10.255939226519336,2000000000.0,1660000000.0,1700000000.0,,,10100000000.0,8200000000.0,6100000000.0,,,0
00245898,1,0,050320,에이앤티앤,16800000000.0,9700000000.0,4179999999.0,11500000000.0,6400000000.0,40000000.0,7200000000.0,23830000000.0,-2350000000.0,80000000.0,0.0,560000000.0,2004-08-02,3514725000.0,670.0,670.0,0.24880952375,0.004123711340206186,0.3623427835051545,1.796875,1.2234243077338909,87.868125,0.1474916072177927,-1.4956276595744682,250000000.0,260000000.0,2170000000.0,1760000000.0,140000000.0,9800000000.0,10300000000.0,6700000000.0,3000000000.0,800000000.0,0
00246347,1,0,039850,태창파로스,14500000000.0,7800000000.0,2560000000.0,12200000000.0,6400000000.0,-1839999999.0,6600000000.0,25750000000.0,2610000000.0,-1470000000.0,0.0,-1010000000.0,2004-08-02,5547427800.0,590.0,590.0,0.17655172413793102,-0.2358974357692308,0.7112086923076923,1.90625,1.0094768606091638,-3.0149064146820144,0.21543408932038835,2.125451264367816,-5180000000.0,240000000.0,2440000000.0,390000000.0,0.0,8800000000.0,13900000000.0,14900000000.0,3600000000.0,2600000000.0,0
00248123,1,0,040670,와이즈파워,64200000000.0,12000000000.0,6440000000.0,37400000000.0,34000000000.0,-13280000000.0,52200000000.0,74440000000.0,-1710000000.0,-3260000000.0,0.0,-8390000000.0,2004-08-02,19521250000.0,790.0,790.0,0.10031152647975078,-1.106666666666667,1.6267708333333333,1.1,-0.7581481718639944,-1.4699736445783131,0.2622414024717893,-11.41593567251462,-8910000000.0,530000000.0,7400000000.0,4710000000.0,430000000.0,20800000000.0,31400000000.0,26800000000.0,12200000000.0,6800000000.0,1
00249247,1,0,037270,YG PLUS,92400000000.0,36200000000.0,26410000000.0,66500000000.0,52700000000.0,3840000000.0,56200000000.0,50620000000.0,4800000000.0,4910000000.0,10000000000.0,6110000000.0,2004-08-02,41500000000.0,16300.0,16300.0,0.2858225108225108,0.10607734806629834,1.1464088397790055,1.2618595825426946,0.2481927710843373,10.807291666666664,0.8198340576847096,8.645833333333334,5390000000.0,2890000000.0,2080000000.0,4540000000.0,,19800000000.0,14400000000.0,11500000000.0,9500000000.0,,1
00253985,1,0,066620,국보디자인,31100000000.0,25100000000.0,9940000000.0,24400000000.0,5300000000.0,4340000000.0,6100000000.0,65250000000.0,-3929999999.0,5960000000.0,10000000000.0,5850000000.0,2004-08-02,11512500000.0,1555.0,1555.0,0.31961414790996784,0.17290836653386454,0.4586653386454183,4.60377358490566,1.5895765472312704,2.6526497695852536,0.1764367816091954,-2.929389313722491,4430000000.0,2390000000.0,770000000.0,430000000.0,,17600000000.0,6900000000.0,3900000000.0,3300000000.0,,1
00264732,1,0,038950,파인디지털,63100000000.0,54300000000.0,7880000000.0,41200000000.0,7700000000.0,3080000000.0,8800000000.0,31060000000.0,2620000000.0,2610000000.0,10000000000.0,4970000000.0,2004-08-02,29091250000.0,3110.0,3110.0,0.1248811410459588,0.0567219152854512,0.5357504604051565,5.3506493506493475,1.113736948395136,9.44521103896104,0.9366146168705732,11.103530534351146,-2030000000.0,2340000000.0,3540000000.0,5010000000.0,1150000000.0,50400000000.0,53500000000.0,53200000000.0,11000000000.0,3000000000.0,0
00264787,1,0,033600,럭슬,50000000000.0,29800000000.0,7450000000.0,20700000000.0,9500000000.0,1830000000.0,20200000000.0,32110000000.0,-200000000.0,1880000000.0,15000000000.0,5260000000.0,2004-08-02,11730000000.0,980.0,980.0,0.149,0.06140939597315436,0.3936241610738255,2.1789473684210527,0.042625745950554135,6.409836065573771,0.3653067580193086,-58.65,6859999999.0,6459999999.0,5550000000.0,4010000000.0,229999999.0,30000000000.0,23800000000.0,21200000000.0,7500000000.0,3500000000.0,0
00268118,1,0,036690,코맥스,69900000000.0,38900000000.0,16460000000.0,41900000000.0,27700000000.0,4570000000.0,30900000000.0,96250000000.0,940000000.0,4820000000.0,4200000000.0,8900000000.0,2004-08-02,21842782500.0,1730.0,1730.0,0.23547925608011444,0.11748071979434448,0.5615111182519279,1.5126353790613718,0.503598843233457,4.779602297592998,0.226938,23.237002659574472,4220000000.0,4300000000.0,3760000000.0,3200000000.0,1710000000.0,36400000000.0,35600000000.0,29000000000.0,49900000000.0,12500000000.0,0
00273110,1,0,052020,에스티큐브,21000000000.0,8300000000.0,2610000000.0,7000000000.0,10200000000.0,250000000.0,12700000000.0,11520000000.0,-1550000000.0,459999999.0,0.0,1090000000.0,2004-08-02,8757000000.0,1530.0,1530.0,0.12428571428571428,0.030120481927710843,1.0550602409638554,0.6862745098039216,-0.6509078451524495,35.028,0.76015625,-5.649677419354839,950000000.0,810000000.0,1320000000.0,490000000.0,110000000.0,8600000000.0,9200000000.0,5800000000.0,5500000000.0,2100000000.0,0
00273420,1,0,047560,이스트소프트,4900000000.0,3700000000.0,1400000000.0,3000000000.0,600000000.0,620000000.0,1200000000.0,3970000000.0,760000000.0,570000000.0,0.0,790000000.0,2004-08-02,,,,0.2857142857142857,0.16756756756756758,,5.0,,,,,90000000.0,-170000000.0,-80000000.0,20000000.0,,3100000000.0,3000000000.0,2300000000.0,400000000.0,,0
00273439,1,0,041920,메디아나,13900000000.0,10600000000.0,3130000000.0,9700000000.0,2900000000.0,1069999999.0,3300000000.0,15469999999.0,3610000000.0,1750000000.0,2100000000.0,1440000000.0,2004-08-02,,,,0.2251798561151079,0.10094339613207548,,3.3448275862068964,,,,,490000000.0,1050000000.0,540000000.0,340000000.0,,9600000000.0,9100000000.0,4900000000.0,800000000.0,,0
00277736,1,0,046110,한일네트웍스,6300000000.0,5100000000.0,3220000000.0,2500000000.0,1000000000.0,730000000.0,1100000000.0,6670000000.0,1839999999.0,670000000.0,6900000000.0,1560000000.0,2004-08-02,,,,0.5111111111111111,0.14313725490196078,,2.5,,,,,700000000.0,270000000.0,160000000.0,50000000.0,-40000000.0,4400000000.0,3700000000.0,3400000000.0,100000000.0,0.0,0
00296324,1,0,051780,큐로홀딩스,26200000000.0,19500000000.0,1540000000.0,11000000000.0,6500000000.0,-1730000000.0,6700000000.0,4790000000.0,1950000000.0,-670000000.0,0.0,-1500000000.0,2004-08-02,6763074450.0,560.0,560.0,0.05877862595419848,-0.08871794871794872,0.34682433076923075,1.6923076923076923,0.6358055100221468,-3.909291589595376,1.4119153340292276,3.468243307692308,-340000000.0,110000000.0,2580000000.0,640000000.0,570000000.0,14700000000.0,19300000000.0,8300000000.0,3900000000.0,2600000000.0,1
00297448,1,0,041590,젬백스지오,28100000000.0,12500000000.0,8200000000.0,21500000000.0,12900000000.0,2560000000.0,15600000000.0,60410000000.0,3040000000.0,3460000000.0,0.0,5010000000.0,2004-08-02,9100000000.0,1650.0,1650.0,0.2918149466192171,0.2048,0.728,1.6666666666666667,0.6483516483516484,3.5546875,0.15063731170336034,2.9934210526315788,1120000000.0,1050000000.0,1540000000.0,910000000.0,,9900000000.0,7200000000.0,6000000000.0,4400000000.0,,0
00297934,1,0,051380,피씨디렉트,24500000000.0,12400000000.0,4440000000.0,22200000000.0,11600000000.0,180000000.0,12100000000.0,79900000000.0,-3760000000.0,650000000.0,0.0,390000000.0,2004-08-02,3395040000.0,960.0,960.0,0.1812244897959184,0.014516129032258062,0.2737935483870968,1.913793103448276,2.9749281304491264,18.861333333333327,0.042491113892365456,-0.902936170212766,1850000000.0,1220000000.0,2830000000.0,2100000000.0,,12600000000.0,7600000000.0,6400000000.0,4100000000.0,,0
00297989,1,0,046120,오르비텍,5200000000.0,1700000000.0,280000000.0,2500000000.0,2200000000.0,-540000000.0,3500000000.0,5530000000.0,-280000000.0,-520000000.0,0.0,-280000000.0,2004-08-02,,,,0.05384615384615385,-0.3176470588235294,,1.1363636363636365,,,,,340000000.0,210000000.0,-370000000.0,250000000.0,,2300000000.0,1800000000.0,1400000000.0,2200000000.0,,0
00299464,1,0,047820,초록뱀,19500000000.0,10800000000.0,1839999999.0,9700000000.0,7800000000.0,160000000.0,8800000000.0,12869999999.0,260000000.0,670000000.0,0.0,1370000000.0,2004-08-02,5130000000.0,590.0,590.0,0.09435897430769233,0.014814814814814815,0.475,1.2435897435897436,0.17543859649122806,32.0625,0.39860139863237,19.73076923076923,459999999.0,869999999.0,380000000.0,280000000.0,,10800000000.0,8900000000.0,8000000000.0,2700000000.0,,0
00300548,1,0,079430,현대리바트,145600000000.0,50500000000.0,53220000000.0,115100000000.0,82400000000.0,12400000000.0,95100000000.0,269160000000.0,2080000000.0,13200000000.0,3400000000.0,17650000000.0,2004-08-02,,,,0.365521978021978,0.24554455445544554,,1.3968446601941749,,,,,9580000000.0,10630000000.0,10820000000.0,3550000000.0,,38500000000.0,29400000000.0,19000000000.0,7800000000.0,,0
00300557,1,0,071460,위니아딤채,485000000000.0,158000000000.0,171370000000.0,313600000000.0,204200000000.0,7280000000.0,326900000000.0,638870000000.0,67990000000.0,22290000000.0,67000000000.0,53579999999.0,2004-08-02,,,,0.353340206185567,0.046075949367088614,,1.5357492654260532,,,,,63960000000.0,63090000000.0,49260000000.0,9320000000.0,,150100000000.0,141700000000.0,153600000000.0,109400000000.0,,0
00301422,1,0,066590,우수AMS,24900000000.0,8700000000.0,3990000000.0,14400000000.0,15700000000.0,1170000000.0,16200000000.0,39090000000.0,2520000000.0,1730000000.0,0.0,2880000000.0,2004-08-02,4150300000.0,1085.0,1085.0,0.1602409638554217,0.13448275862068965,0.4770459770114943,0.9171974522292994,-0.43370358769245604,3.5472649572649573,0.10617293425428498,1.6469444444444443,1500000000.0,1320000000.0,640000000.0,290000000.0,,5600000000.0,4100000000.0,2500000000.0,1400000000.0,,0
00302120,1,0,054340,피앤텔,64100000000.0,44800000000.0,17730000000.0,39600000000.0,16600000000.0,6700000000.0,19300000000.0,140770000000.0,7540000000.0,10690000000.0,200000000000.0,12270000000.0,2004-08-02,63840000000.0,3950.0,3950.0,0.2765990639625585,0.14955357142857142,1.425,2.3855421686746987,0.3179824561403509,9.528358208955225,0.4535057185479861,8.46684350132626,9340000000.0,5650000000.0,5890000000.0,6020000000.0,320000000.0,41600000000.0,36000000000.0,18400000000.0,7300000000.0,1300000000.0,0
00303794,1,0,086980,쇼박스,73400000000.0,35200000000.0,40000000.0,24800000000.0,16100000000.0,-310000000.0,38200000000.0,40000000.0,-7809999999.0,-2980000000.0,0.0,1639999999.0,2004-08-02,,,,0.0005449591280653951,-0.008806818181818181,,1.5403726708074534,,,,,6550000000.0,1970000000.0,1180000000.0,-229999999.0,,32300000000.0,14900000000.0,12900000000.0,11800000000.0,,0
00305570,1,0,043710,서울리거,16100000000.0,9100000000.0,2120000000.0,6800000000.0,5500000000.0,-1839999999.0,7000000000.0,16350000000.0,830000000.0,90000000.0,0.0,-740000000.0,2004-08-02,3420000000.0,435.0,435.0,0.13167701863354034,-0.20219780208791208,0.3758241758241758,1.2363636363636363,-0.05847953216374269,-1.8586956531840737,0.20917431192660552,4.120481927710843,580000000.0,819999999.0,1370000000.0,520000000.0,,10900000000.0,7500000000.0,6400000000.0,1400000000.0,,0
00306870,1,0,066910,손오공,81200000000.0,49500000000.0,22380000000.0,63000000000.0,25000000000.0,5560000000.0,31600000000.0,57960000000.0,-17420000000.0,9270000000.0,0.0,9880000000.0,2004-08-02,,,,0.2756157635467981,0.11232323232323232,,2.52,,,,,10410000000.0,9720000000.0,1680000000.0,1450000000.0,,25000000000.0,15300000000.0,5700000000.0,3300000000.0,,0
00309831,1,0,061040,알에프텍,51700000000.0,30200000000.0,13760000000.0,33200000000.0,18000000000.0,6620000000.0,21500000000.0,105300000000.0,10140000000.0,8730000000.0,5900000000.0,10620000000.0,2004-08-02,25987500000.0,3460.0,3460.0,0.2661508704061896,0.21920529801324504,0.8605132450331126,1.8444444444444448,0.45021645021645024,3.9256042296072513,0.2467948717948718,2.562869822485207,8700000000.0,2540000000.0,360000000.0,950000000.0,,25800000000.0,9600000000.0,7100000000.0,4400000000.0,,0
00329677,1,0,052650,이디디컴퍼니,30000000000.0,23600000000.0,5060000000.0,12100000000.0,6200000000.0,650000000.0,6400000000.0,17870000000.0,-190000000.0,900000000.0,0.0,1600000000.0,2004-08-02,21451840000.0,1655.0,1655.0,0.16866666666666666,0.02754237288135593,0.9089762711864406,1.9516129032258065,0.2657114727687695,33.00283076923077,1.2004387241186345,-112.90442105263156,2340000000.0,1950000000.0,2089999999.0,1019999999.0,-360000000.0,22900000000.0,23300000000.0,15100000000.0,3000000000.0,0.0,0
00335076,1,0,049480,오픈베이스,28100000000.0,14200000000.0,8280000000.0,23400000000.0,13400000000.0,720000000.0,13900000000.0,46500000000.0,-1639999999.0,1910000000.0,5800000000.0,1610000000.0,2004-08-02,5538600000.0,980.0,980.0,0.29466192170818506,0.05070422535211268,0.3900422535211268,1.7462686567164178,1.7152348969053552,7.6925,0.11910967741935485,-3.377195124010485,1850000000.0,530000000.0,1480000000.0,840000000.0,100000000.0,14900000000.0,13000000000.0,14200000000.0,1900000000.0,400000000.0,0
00339072,1,0,054300,팬스타엔터프라이즈,37200000000.0,17300000000.0,6580000000.0,22900000000.0,11500000000.0,540000000.0,19900000000.0,26500000000.0,1900000000.0,1530000000.0,67500000000.0,650000000.0,2004-08-02,10465000000.0,1495.0,1495.0,0.17688172043010753,0.031213872832369937,0.6049132947976879,1.9913043478260868,0.2866698518872432,19.37962962962963,0.3949056603773585,5.507894736842105,1880000000.0,2180000000.0,1810000000.0,520000000.0,170000000.0,16800000000.0,15400000000.0,6700000000.0,1700000000.0,1200000000.0,1
00346966,1,0,052510,에코솔루션,17200000000.0,11900000000.0,3100000000.0,7100000000.0,2800000000.0,220000000.0,5400000000.0,10210000000.0,340000000.0,380000000.0,0.0,1730000000.0,2004-08-02,4462200000.0,545.0,545.0,0.18023255813953487,0.0184873949579832,0.3749747899159664,2.5357142857142856,0.3809779929182914,20.28272727272727,0.4370421155729677,13.124117647058823,240000000.0,550000000.0,670000000.0,459999999.0,20000000.0,11700000000.0,11400000000.0,8300000000.0,2200000000.0,200000000.0,0
00347716,1,0,051980,센트럴바이오,11100000000.0,2100000000.0,2280000000.0,5400000000.0,1000000000.0,-10400000000.0,9000000000.0,6459999999.0,1530000000.0,-1490000000.0,0.0,-9340000000.0,2004-08-02,5081543980.0,3015.0,3015.0,0.20540540540540544,-4.9523809523809526,2.4197828476190475,5.4,-0.7084460971249923,-0.4886099980769231,0.7866167152920459,3.321270575163399,-4120000000.0,1000000000.0,540000000.0,180000000.0,,10400000000.0,15200000000.0,5500000000.0,1200000000.0,,1
00349060,1,0,042520,한스바이오메드,13100000000.0,8900000000.0,1510000000.0,5800000000.0,1900000000.0,-490000000.0,4300000000.0,4220000000.0,-1600000000.0,-229999999.0,0.0,-40000000.0,2004-08-02,,,,0.11526717557251907,-0.0550561797752809,,3.0526315789473686,,,,,1040000000.0,1650000000.0,969999999.0,,,9300000000.0,8300000000.0,6700000000.0,,,0
00349732,1,0,052400,코나아이,44700000000.0,34700000000.0,7109999999.0,31600000000.0,6900000000.0,770000000.0,10000000000.0,18640000000.0,-6290000000.0,790000000.0,0.0,2080000000.0,2004-08-02,10025000000.0,2075.0,2075.0,0.1590604026621924,0.022190201729106632,0.2889048991354467,4.579710144927536,2.1546134663341645,13.019480519480519,0.5378218884120172,-1.5937996820349762,7359999999.0,5420000000.0,2300000000.0,570000000.0,20000000.0,35800000000.0,29800000000.0,6700000000.0,1100000000.0,300000000.0,1
00350020,1,0,049120,파인디앤씨,61000000000.0,40000000000.0,15080000000.0,24900000000.0,20500000000.0,6650000000.0,20900000000.0,60610000000.0,9550000000.0,8470000000.0,1200000000.0,11080000000.0,2004-08-02,62076581000.0,6990.0,6990.0,0.24721311475409835,0.16625,1.551914525,1.2146341463414634,0.06443653847495241,9.334824210526316,1.02419701369411,6.50016554973822,7000000000.0,4690000000.0,1670000000.0,940000000.0,,25200000000.0,15400000000.0,6600000000.0,2400000000.0,,1
00351418,1,0,152330,코리아오토글라스,192400000000.0,11900000000.0,34050000000.0,59100000000.0,84000000000.0,3920000000.0,180500000000.0,173660000000.0,47690000000.0,20040000000.0,0.0,48120000000.0,2004-08-02,,,,0.17697505197505198,0.32941176470588235,,0.7035714285714286,,,,,-7070000000.0,-15780000000.0,140000000.0,,,8000000000.0,84000000000.0,25100000000.0,,,0
00351454,1,0,043090,팜스웰바이오,33900000000.0,23300000000.0,1500000000.0,17500000000.0,4600000000.0,-840000000.0,10600000000.0,3900000000.0,3120000000.0,-950000000.0,0.0,-1000000000.0,2004-08-02,26702000000.0,7850.0,7850.0,0.04424778761061947,-0.036051502145922745,1.146008583690987,3.804347826086957,0.2584076099168602,-31.78809523809524,6.846666666666668,8.558333333333334,1150000000.0,1630000000.0,1470000000.0,910000000.0,640000000.0,24200000000.0,24900000000.0,11300000000.0,5500000000.0,4100000000.0,0
00351807,1,0,048910,대원미디어,46900000000.0,39300000000.0,5890000000.0,15100000000.0,5000000000.0,240000000.0,7600000000.0,23770000000.0,6650000000.0,30000000.0,0.0,5800000000.0,2004-08-02,19640200000.0,3850.0,3850.0,0.1255863539445629,0.006106870229007634,0.4997506361323155,3.02,0.3818698383926844,81.83416666666666,0.8262599915860328,2.9534135338345866,2820000000.0,3640000000.0,2850000000.0,2600000000.0,-1190000000.0,38800000000.0,36500000000.0,17000000000.0,2000000000.0,-400000000.0,0
00359623,1,0,072470,우리산업홀딩스,47100000000.0,18700000000.0,13419999999.0,29200000000.0,19400000000.0,2560000000.0,28400000000.0,59650000000.0,-3100000000.0,3750000000.0,2700000000.0,5590000000.0,2004-08-02,14572400000.0,1700.0,1700.0,0.28492569,0.13689839572192514,0.7792727272727272,1.5051546391752575,0.05489830089758722,5.69234375,0.2442984073763621,-4.700774193548387,2590000000.0,950000000.0,1120000000.0,540000000.0,,10400000000.0,7900000000.0,6700000000.0,4700000000.0,,0
00360142,1,0,122900,아이마켓코리아,436600000000.0,25500000000.0,29289999999.0,430500000000.0,410600000000.0,4910000000.0,411100000000.0,558960000000.0,-12040000000.0,7709999999.0,0.0,8009999999.0,2004-08-02,,,,0.06708657810123682,0.19254901960784312,,1.0484656600097422,,,,,3540000000.0,-819999999.0,-280000000.0,,,20500000000.0,11900000000.0,12200000000.0,,,0
00361266,1,0,056000,네스엠,28200000000.0,20400000000.0,7550000000.0,16400000000.0,7600000000.0,3040000000.0,7700000000.0,26400000000.0,-5730000000.0,3270000000.0,0.0,3970000000.0,2004-08-02,28518390000.0,5360.0,5360.0,0.26773049645390073,0.14901960784313725,1.3979602941176472,2.1578947368421053,0.3050663098442794,9.381049342105262,1.0802420454545454,-4.977031413612567,3579999999.0,1789999999.0,1230000000.0,,,10200000000.0,6600000000.0,4700000000.0,,,0
00361725,1,0,066270,에스케이커뮤니케이션즈,76400000000.0,67400000000.0,15510000000.0,56400000000.0,8700000000.0,7440000000.0,9000000000.0,26000000000.0,10860000000.0,8620000000.0,10000000000.0,10870000000.0,2004-08-02,45635227200.0,4650.0,4650.0,0.20301047120418847,0.11038575667655788,0.6770805222551929,6.482758620689657,1.0386712833107141,6.133767096774192,1.755201046153846,4.202138784530387,5420000000.0,-620000000.0,-3340000000.0,,,17100000000.0,11500000000.0,12000000000.0,,,0
00362238,1,0,079980,휴비스,794200000000.0,294700000000.0,85350000000.0,194800000000.0,393300000000.0,2710000000.0,499500000000.0,981060000000.0,56390000000.0,7350000000.0,0.0,63879999999.0,2004-08-02,,,,0.1074666330899018,0.009195792331184257,,0.4952962115433511,,,,,28100000000.0,18420000000.0,960000000.0,,,292000000000.0,268400000000.0,251000000000.0,,,0
00363246,1,0,046940,우원개발,34700000000.0,25900000000.0,3529999999.0,26100000000.0,8700000000.0,-2480000000.0,8900000000.0,31860000000.0,-4690000000.0,-3020000000.0,0.0,-2230000000.0,2004-08-02,8967000000.0,1430.0,1430.0,0.10172910659942364,-0.09575289575289576,0.34621621621621623,3.0,1.918144306903089,-3.6157258064516133,0.2814500941619585,-1.9119402985074627,1889999999.0,3110000000.0,3550000000.0,210000000.0,,28300000000.0,15000000000.0,11900000000.0,800000000.0,,0
00369170,1,0,051370,인터플렉스,128300000000.0,68500000000.0,45460000000.0,101200000000.0,53500000000.0,27670000000.0,59800000000.0,226010000000.0,22160000000.0,36710000000.0,10800000000.0,44620000000.0,2004-08-02,303195000000.0,24100.0,24100.0,0.3543257989088075,0.4039416058394161,4.426204379562043,1.8915887850467288,0.13654578736456735,10.957535236718467,1.3415114375470112,13.682084837545126,15119999999.0,1789999999.0,3279999999.0,1440000000.0,,31400000000.0,16300000000.0,14500000000.0,1900000000.0,,0
00369213,1,0,039980,리노스,16100000000.0,7100000000.0,1700000000.0,11700000000.0,7700000000.0,-3550000000.0,9000000000.0,18790000000.0,-90000000.0,-1889999999.0,0.0,-2880000000.0,2004-08-02,5656503360.0,1070.0,1070.0,0.10559006211180123,-0.5,0.796690614084507,1.5194805194805194,0.4773266854384048,-1.593381228169014,0.30103796487493345,-62.85003733333333,210000000.0,919999999.0,320000000.0,70000000.0,,10600000000.0,7900000000.0,6800000000.0,300000000.0,,1
00370006,1,0,052220,iMBC,13800000000.0,10900000000.0,7820000000.0,9900000000.0,2900000000.0,1950000000.0,2900000000.0,14700000000.0,4700000000.0,3479999999.0,0.0,3670000000.0,2004-08-02,,,,0.5666666666666667,0.17889908256880735,,3.4137931034482767,,,,,250000000.0,-1030000000.0,-280000000.0,,,8900000000.0,8700000000.0,9700000000.0,,,0
00370918,1,0,221980,케이디켐,10900000000.0,5900000000.0,1950000000.0,4500000000.0,3800000000.0,630000000.0,4900000000.0,12670000000.0,290000000.0,730000000.0,0.0,1260000000.0,2004-08-02,,,,0.17889908256880735,0.10677966101694916,,1.1842105263157894,,,,,600000000.0,570000000.0,919999999.0,,,5300000000.0,4700000000.0,4100000000.0,,,0
00371519,1,0,066060,휴먼텍코리아,44600000000.0,17800000000.0,4810000000.0,39200000000.0,26000000000.0,1970000000.0,26800000000.0,92060000000.0,1180000000.0,2020000000.0,3500000000.0,2210000000.0,2004-08-02,9798000000.0,950.0,950.0,0.107847533632287,0.11067415730337077,0.5504494382022472,1.5076923076923077,1.2655644008981424,4.973604060913706,0.1064305887464697,8.303389830508474,1510000000.0,1839999999.0,490000000.0,60000000.0,,12900000000.0,4700000000.0,2800000000.0,2100000000.0,,1
00372688,1,0,057680,옴니텔,11900000000.0,10600000000.0,2250000000.0,7900000000.0,1400000000.0,-2630000000.0,1400000000.0,6709999999.0,-740000000.0,-1960000000.0,0.0,-1639999999.0,2004-08-02,10243200000.0,1500.0,1500.0,0.18907563025210086,-0.2481132075471698,0.9663396226415094,5.642857142857142,0.6345673227116526,-3.8947528517110266,1.5265573772766852,-13.842162162162163,250000000.0,690000000.0,340000000.0,,,13900000000.0,5600000000.0,4200000000.0,,,0
00384717,1,0,065170,넥스트BT,26300000000.0,21600000000.0,5510000000.0,15800000000.0,4400000000.0,2930000000.0,4700000000.0,15860000000.0,1970000000.0,3180000000.0,12800000000.0,3579999999.0,2004-08-02,25556320000.0,4510.0,4510.0,0.20950570342205324,0.13564814814814816,1.1831629629629627,3.590909090909092,0.4343348338101886,8.722293515358361,1.6113694829760403,12.972751269035532,5030000000.0,3030000000.0,790000000.0,250000000.0,,20200000000.0,7200000000.0,2400000000.0,900000000.0,,0
00384887,1,0,071670,에이테크솔루션,64400000000.0,6300000000.0,5550000000.0,33700000000.0,41300000000.0,-4150000000.0,58000000000.0,67629999999.0,-2060000000.0,470000000.0,0.0,-550000000.0,2004-08-02,,,,0.08618012422360248,-0.6587301587301587,,0.8159806295399515,,,,,1019999999.0,,,,,6500000000.0,,,,,1
00385363,1,0,065450,빅텍,18900000000.0,8600000000.0,2880000000.0,12200000000.0,9000000000.0,880000000.0,10300000000.0,17150000000.0,1080000000.0,1520000000.0,2800000000.0,2270000000.0,2004-08-02,15576000000.0,3500.0,3500.0,0.1523809523809524,0.10232558139534884,1.8111627906976744,1.3555555555555556,0.12198253723677452,17.7,0.9082215743440232,14.422222222222222,1220000000.0,1340000000.0,320000000.0,660000000.0,,5500000000.0,4400000000.0,2900000000.0,1900000000.0,,1
00389970,1,0,064260,다날,30100000000.0,17800000000.0,15850000000.0,23700000000.0,12000000000.0,5100000000.0,12300000000.0,41530000000.0,7750000000.0,6700000000.0,0.0,7300000000.0,2004-08-02,30650000000.0,5200.0,5200.0,0.5265780730897011,0.28651685393258425,1.7219101123595506,1.975,0.3719412724306688,6.009803921568627,0.7380207079219842,3.95483870967742,5510000000.0,1850000000.0,,,,12700000000.0,7200000000.0,,,,0
00390408,1,0,064090,에프앤리퍼블릭,13100000000.0,10900000000.0,4440000000.0,8700000000.0,1700000000.0,1220000000.0,2200000000.0,21300000000.0,280000000.0,1230000000.0,12600000000.0,1770000000.0,2004-08-02,7770000000.0,1310.0,1310.0,0.33893129770992364,0.11192660550458716,0.7128440366972477,5.117647058823528,0.8365508365508365,6.368852459016392,0.3647887323943662,27.75,1100000000.0,1440000000.0,740000000.0,320000000.0,,10200000000.0,5100000000.0,2000000000.0,800000000.0,,1
00390514,1,0,065440,이루온,16600000000.0,12600000000.0,5390000000.0,12900000000.0,3500000000.0,1780000000.0,4000000000.0,18010000000.0,2210000000.0,2030000000.0,7700000000.0,2660000000.0,2004-08-02,8140500000.0,1355.0,1355.0,0.3246987951807229,0.14126984126984127,0.6460714285714285,3.6857142857142855,1.0932989374117068,4.573314606741573,0.4519988895058301,3.683484162895928,1660000000.0,1470000000.0,1270000000.0,220000000.0,,6900000000.0,5200000000.0,3800000000.0,400000000.0,,0
00397289,1,0,067170,오텍,17300000000.0,11100000000.0,4320000000.0,12400000000.0,5900000000.0,2310000000.0,6200000000.0,22220000000.0,3030000000.0,2710000000.0,3600000000.0,3470000000.0,2004-08-02,6619200000.0,1030.0,1030.0,0.2497109826589595,0.20810810810810806,0.5963243243243244,2.101694915254237,0.9366690838772056,2.8654545454545453,0.2978937893789379,2.1845544554455447,2010000000.0,1789999999.0,60000000.0,,,5700000000.0,2900000000.0,600000000.0,,,0
00402989,1,0,069110,코스온,14800000000.0,9900000000.0,3840000000.0,9700000000.0,3400000000.0,-520000000.0,4900000000.0,11560000000.0,-1410000000.0,-150000000.0,0.0,-160000000.0,2004-08-02,5631250000.0,1180.0,1180.0,0.2594594594594595,-0.05252525252525252,0.5688131313131313,2.8529411764705883,0.8523862375138734,-10.829326923076923,0.4871323529411765,-3.993794326241135,2610000000.0,2780000000.0,310000000.0,,,7500000000.0,4900000000.0,600000000.0,,,0
00404288,1,0,059120,아진엑스텍,9200000000.0,1300000000.0,1639999999.0,4800000000.0,2400000000.0,30000000.0,7900000000.0,3370000000.0,850000000.0,540000000.0,0.0,919999999.0,2004-08-02,,,,0.17826086945652173,0.02307692307692308,,2.0,,,,,-1660000000.0,-520000000.0,,,,1300000000.0,2900000000.0,,,,0
00405278,1,0,046440,KG모빌리언스,19400000000.0,10300000000.0,9690000000.0,16000000000.0,5400000000.0,4050000000.0,9100000000.0,24140000000.0,1970000000.0,4310000000.0,0.0,5260000000.0,2004-08-02,,,,0.4994845360824742,0.3932038834951456,,2.962962962962963,,,,,3090000000.0,90000000.0,,,,6300000000.0,3200000000.0,,,,0
00405719,1,0,052460,아이크래프트,20900000000.0,10200000000.0,11010000000.0,18800000000.0,9100000000.0,5490000000.0,10700000000.0,41990000000.0,2770000000.0,7020000000.0,0.0,7020000000.0,2004-08-02,,,,0.5267942583732057,0.538235294117647,,2.0659340659340657,,,,,1190000000.0,409999999.0,,,,4500000000.0,1400000000.0,,,,0
00406329,1,0,038060,루멘스,13100000000.0,7200000000.0,2440000000.0,9000000000.0,5400000000.0,1080000000.0,5900000000.0,10450000000.0,620000000.0,1360000000.0,0.0,1830000000.0,2004-08-02,,,,0.1862595419847328,0.15,,1.6666666666666667,,,,,680000000.0,530000000.0,440000000.0,,,6100000000.0,5500000000.0,4900000000.0,,,0
00409964,1,0,106190,하이텍팜,10800000000.0,4200000000.0,1660000000.0,7900000000.0,5400000000.0,819999999.0,6700000000.0,11650000000.0,-1560000000.0,650000000.0,0.0,1210000000.0,2004-08-02,,,,0.1537037037037037,0.195238095,,1.4629629629629632,,,,,540000000.0,,,,,3300000000.0,,,,,0
00412597,1,0,057050,현대홈쇼핑,131800000000.0,16400000000.0,160030000000.0,37900000000.0,76900000000.0,530000000.0,115400000000.0,193900000000.0,14700000000.0,2330000000.0,0.0,6450000000.0,2004-08-02,,,,1.2141881638846737,0.03231707317073172,,0.4928478543563069,,,,,-20770000000.0,-9060000000.0,,,,15400000000.0,35600000000.0,,,,0
00416414,1,0,089140,넥스턴,9400000000.0,2900000000.0,2560000000.0,7400000000.0,6300000000.0,680000000.0,6500000000.0,10750000000.0,-650000000.0,1010000000.0,0.0,1400000000.0,2004-08-02,,,,0.2723404255319149,0.23448275862068965,,1.1746031746031746,,,,,560000000.0,620000000.0,,,,2300000000.0,1700000000.0,,,,0
00422284,1,0,072870,메가스터디,34900000000.0,26000000000.0,30270000000.0,22800000000.0,8000000000.0,15140000000.0,8800000000.0,45970000000.0,19790000000.0,20500000000.0,0.0,20940000000.0,2004-08-02,,,,0.8673352435530086,0.5823076923076923,,2.85,,,,,6790000000.0,880000000.0,,,,10400000000.0,3600000000.0,,,,1
00422895,1,0,067830,세이브존I&C,178700000000.0,121900000000.0,63820000000.0,51900000000.0,45300000000.0,2010000000.0,56900000000.0,114400000000.0,8400000000.0,8000000000.0,5000000000.0,13460000000.0,2004-08-02,25845885450.0,3200.0,3200.0,0.3571348628987129,0.016488925348646433,0.21202531132075472,1.145695364238411,-0.1934543898553106,12.858649477611939,0.2259255721153846,3.076891125,2240000000.0,,,,,122300000000.0,,,,,0
00425351,1,0,067280,멀티캠퍼스,13100000000.0,9300000000.0,8100000000.0,11200000000.0,3800000000.0,3040000000.0,3900000000.0,20730000000.0,3740000000.0,4140000000.0,0.0,4570000000.0,2004-08-02,,,,0.6183206106870229,0.32688172043010755,,2.9473684210526314,,,,,1920000000.0,,,,,6300000000.0,,,,,0
00441128,1,0,058220,아리온,15000000000.0,6500000000.0,6060000000.0,11800000000.0,7800000000.0,2130000000.0,8500000000.0,29000000000.0,2050000000.0,2390000000.0,0.0,3229999999.0,2004-08-02,,,,0.40399999999999997,0.3276923076923077,,1.5128205128205128,,,,,1290000000.0,,,,,4400000000.0,,,,,0
00441304,1,0,078890,가온미디어,32100000000.0,14400000000.0,15780000000.0,29400000000.0,16800000000.0,8190000000.0,17700000000.0,69410000000.0,580000000.0,9270000000.0,0.0,10170000000.0,2004-08-02,,,,0.491588785046729,0.56875,,1.75,,,,,850000000.0,,,,,4100000000.0,,,,,0
00442905,1,0,104040,대성파인텍,8700000000.0,5000000000.0,1850000000.0,4000000000.0,1700000000.0,1050000000.0,3600000000.0,9450000000.0,1889999999.0,1410000000.0,0.0,2080000000.0,2004-08-02,,,,0.2126436781609196,0.21,,2.3529411764705883,,,,,1410000000.0,,,,,3500000000.0,,,,,0
00444329,1,0,112040,위메이드,9600000000.0,8000000000.0,6290000000.0,6200000000.0,1300000000.0,90000000.0,1600000000.0,9230000000.0,229999999.0,200000000.0,35700000000.0,869999999.0,2004-08-02,,,,0.6552083333333333,0.01125,,4.769230769230768,,,,,6160000000.0,,,,,7900000000.0,,,,,0
00453929,1,0,078160,메디포스트,18800000000.0,12300000000.0,20030000000.0,10500000000.0,2800000000.0,5870000000.0,6500000000.0,30870000000.0,7609999999.0,6150000000.0,0.0,6700000000.0,2004-08-02,,,,1.0654255319148935,0.4772357723577236,,3.75,,,,,5220000000.0,,,,,7400000000.0,,,,,0
00462121,1,0,073490,이노와이어리스,10400000000.0,7900000000.0,6070000000.0,8000000000.0,1800000000.0,3629999999.0,2500000000.0,10470000000.0,3060000000.0,4050000000.0,0.0,3940000000.0,2004-08-02,,,,0.5836538461538462,0.4594936707594937,,4.4444444444444455,,,,,1800000000.0,,,,,4300000000.0,,,,,0
00476498,1,0,078340,컴투스,9500000000.0,8700000000.0,7820000000.0,6900000000.0,800000000.0,4910000000.0,800000000.0,11850000000.0,6230000000.0,5570000000.0,0.0,5700000000.0,2004-08-02,,,,0.8231578947368421,0.5643678160919541,,8.625,,,,,890000000.0,,,,,3600000000.0,,,,,0
00480367,1,0,100090,삼강엠앤티,7200000000.0,3100000000.0,1410000000.0,3700000000.0,2400000000.0,220000000.0,4100000000.0,8500000000.0,440000000.0,540000000.0,0.0,1019999999.0,2004-08-02,,,,0.19583333333333333,0.07096774193548387,,1.5416666666666667,,,,,,,,,,,,,,,0
00483735,1,0,076610,해성옵틱스,9500000000.0,1800000000.0,530000000.0,2600000000.0,3400000000.0,40000000.0,7700000000.0,8590000000.0,-320000000.0,-290000000.0,0.0,1220000000.0,2004-08-02,,,,0.055789473684210535,0.022222222222222227,,0.7647058823529411,,,,,,,,,,,,,,,0
00484682,1,0,083310,엘오티베큠,10200000000.0,4300000000.0,6859999999.0,8200000000.0,4300000000.0,2430000000.0,5800000000.0,21260000000.0,200000000.0,3220000000.0,1900000000.0,3250000000.0,2004-08-02,,,,0.672549019509804,0.5651162790697675,,1.9069767441860463,,,,,-290000000.0,,,,,1900000000.0,,,,,0
00491336,1,0,090120,잘만테크,9800000000.0,4400000000.0,5500000000.0,5200000000.0,3000000000.0,2660000000.0,5400000000.0,15410000000.0,710000000.0,3210000000.0,0.0,3650000000.0,2004-08-02,,,,0.5612244897959183,0.6045454545454545,,1.7333333333333334,,,,,,,,,,,,,,,0
00491938,1,0,130500,GH신소재,8200000000.0,2800000000.0,1410000000.0,4100000000.0,2900000000.0,270000000.0,5400000000.0,8070000000.0,1360000000.0,450000000.0,0.0,1069999999.0,2004-08-02,,,,0.1719512195121951,0.09642857142857143,,1.4137931034482758,,,,,,,,,,,,,,,0
00525679,1,0,085660,차바이오텍,3200000000.0,2800000000.0,980000000.0,1300000000.0,400000000.0,180000000.0,400000000.0,2190000000.0,780000000.0,180000000.0,0.0,680000000.0,2004-08-02,,,,0.30625,0.06428571428571428,,3.25,,,,,,,,,,,,,,,0
00540429,1,0,090710,휴림로봇,5200000000.0,1600000000.0,680000000.0,3300000000.0,1400000000.0,0.0,3500000000.0,1830000000.0,0.0,100000000.0,0.0,30000000.0,2004-08-02,,,,0.13076923076923078,0.0,,2.357142857142857,,,,,,,,,,,,,,,0
