기업코드,IFRS,CFS,종목코드,회사명,자산총계,자본총계,매출총이익,유동자산,유동부채,당기순이익,부채총계,매출액(수익),영업활동으로인한현금흐름,영업이익,주당배당금,EBITDA,날짜,시가총액,주가,주식수,GP/A,ROE,PBR,유동비율,NCAV,PER,PSR,PCR,2013-당기순이익,2012-당기순이익,2011-당기순이익,2010-당기순이익,2009-당기순이익,2013-자본총계,2012-자본총계,2011-자본총계,2010-자본총계,2009-자본총계,증자
00101549,1,1,011040,경동제약,227679293781.0,190430469701.0,90668957392.0,102740000000.0,32000000000.0,24320000000.0,37250000000.0,153260000000.0,23130000000.0,35380000000.0,30000000000.0,36480000000.0,2015-08-03,298023750000.0,24350.0,24350.0,0.39823101998556176,0.12771065490824807,1.5650003409009865,3.210625,0.21974758723088345,12.25426603618421,1.9445631606420464,12.884727626459146,18740000000.0,7959999999.0,20240000000.0,19980000000.0,13480000000.0,169300000000.0,153900000000.0,150500000000.0,138200000000.0,123700000000.0,0
00102353,1,1,024910,경창산업,475258490610.0,123288708388.0,64698997889.0,164330000000.0,250430000000.0,24860000000.0,351970000000.0,552780000000.0,71780000000.0,28420000000.0,4900000000.0,87750000000.0,2015-08-03,113262000000.0,6500.0,6500.0,0.13613433356226431,0.20164052592524107,0.918672938348538,0.6561913508764924,-1.6566897988734086,4.5559935639581655,0.2048952567024856,1.5779047088325442,23050000000.0,9410000000.0,4310000000.0,10990000000.0,2800000000.0,88100000000.0,77000000000.0,64000000000.0,69200000000.0,53400000000.0,0
00102432,1,1,013580,계룡건설산업,1238256091695.0,301688105366.0,6006892586.0,773780000000.0,808890000000.0,-111070000000.0,936570000000.0,1633250000000.0,-950000000.0,-103659999999.0,0.0,-109750000000.0,2015-08-03,96900340950.0,11050.0,11050.0,0.0048510906801010785,-0.3681616809693336,0.32119377339203703,0.9565948398422528,-1.6799734490511098,-0.8724258661204646,0.0593297663860401,-102.00035889473685,-92180000000.0,2580000000.0,5510000000.0,14250000000.0,30760000000.0,362100000000.0,452600000000.0,453200000000.0,466300000000.0,454300000000.0,0
00105271,1,1,002380,케이씨씨,8654534050524.0,6229307774138.0,798217305211.0,2561230000000.0,900350000000.0,326690000000.0,2425230000000.0,3399830000000.0,276510000000.0,273390000000.0,900000000000.0,643810000000.0,2015-08-03,4960180000000.0,488000.0,488000.0,0.09223111268048807,0.05244402939220751,0.7962650393664937,2.8447048370078303,0.027418359817587255,15.183139979797366,1.4589494180591382,17.938519402553254,223319999999.0,406590000000.0,291710000000.0,326640000000.0,360850000000.0,4990100000000.0,4869000000000.0,4942700000000.0,5785700000000.0,4573400000000.0,0
00108649,1,1,048770,TPC,87136906267.0,31759403950.0,17564050310.0,52750000000.0,43510000000.0,2430000000.0,55379999999.0,78620000000.0,-3629999999.0,950000000.0,2500000000.0,5010000000.0,2015-08-03,81270000000.0,6360.0,6360.0,0.20156844054322087,0.07651277095205057,2.5589271173963577,1.2123649735692943,-0.03236126490709978,33.44444444444444,1.0337064360213686,-22.388429758233727,320000000.0,2550000000.0,6770000000.0,3460000000.0,-1739999999.0,29200000000.0,27100000000.0,25200000000.0,19200000000.0,16100000000.0,0
00109514,1,1,004870,티웨이홀딩스,115512018892.0,40775109738.0,32228557873.0,38250000000.0,37710000000.0,7200000000.0,74740000000.0,236210000000.0,20180000000.0,7970000000.0,0.0,12810000000.0,2015-08-03,157843250000.0,10550.0,10550.0,0.2790060998166144,0.1765783107945881,3.8710686743510934,1.0143198090692125,-0.23117871685992275,21.92267361111111,0.6682327166504382,7.821766600594647,-409999999.0,-3020000000.0,-5640000000.0,-21600000000.0,-14840000000.0,27900000000.0,18300000000.0,5600000000.0,10100000000.0,18200000000.0,0
00110583,1,1,025440,대성엘텍,110449028793.0,26963344295.0,20112971816.0,49310000000.0,58760000000.0,2030000000.0,83490000000.0,392610000000.0,11940000000.0,6990000000.0,0.0,12770000000.0,2015-08-03,62635810466.0,920.0,920.0,0.18210184404332866,0.07528739676318405,2.3229985783927773,0.8391763104152484,-0.5456942242098648,30.85507904729064,0.15953697171748046,5.245880273534338,-35870000000.0,-650000000.0,-14500000000.0,1050000000.0,-10580000000.0,22900000000.0,36000000000.0,27500000000.0,37800000000.0,25100000000.0,0
00111704,1,1,042660,대우조선해양,17735815981361.0,2026815805786.0,130040000000.0,9832280000000.0,11010820000000.0,-852750000000.0,15709000000000.0,15561560000000.0,-560230000000.0,-565060000000.0,192400000000.0,-668730000000.0,2015-08-03,1341649213580.0,6900.0,6900.0,0.007332056226601708,-0.4207338415092452,0.6619492554527953,0.8929652832395769,-4.380220955311269,-1.5733206843506302,0.08621559879472238,-2.3948185809042712,-920410000000.0,-317650000000.0,654210000000.0,1114860000000.0,266710000000.0,2898300000000.0,3837500000000.0,4293400000000.0,3864200000000.0,2743900000000.0,0
00111874,1,1,005710,대원산업,366270527968.0,180106282355.0,46311961938.0,258400000000.0,163290000000.0,13180000000.0,186160000000.0,712950000000.0,33830000000.0,18710000000.0,11400000000.0,37970000000.0,2015-08-03,120407760000.0,6630.0,6630.0,0.12644195588143564,0.07317901312304836,0.6685372571439194,1.58246065282626,0.5999613313959167,9.135641881638847,0.16888668209551866,3.5592007094295006,22890000000.0,24790000000.0,16400000000.0,12120000000.0,7450000000.0,156400000000.0,134200000000.0,111200000000.0,88700000000.0,77200000000.0,1
00112970,1,1,001070,대한방직,364449487508.0,171324942010.0,6420367907.0,92090000000.0,145240000000.0,-11530000000.0,193120000000.0,244390000000.0,18740000000.0,-8420000000.0,0.0,-5220000000.0,2015-08-03,138330000000.0,129500.0,129500.0,0.017616619386408294,-0.0672990159210269,0.8074130851999697,0.6340539796199394,-0.7303549483120075,-11.997398091934086,0.5660215229755718,7.38153681963714,5230000000.0,-9610000000.0,-10930000000.0,7450000000.0,-14869999999.0,89300000000.0,84300000000.0,93900000000.0,93600000000.0,86300000000.0,0
00113261,1,1,010170,대한광통신,158048607210.0,74397193194.0,12293901438.0,57529999999.0,75770000000.0,-27270000000.0,83650000000.0,106000000000.0,-1989999999.0,850000000.0,0.0,-15130000000.0,2015-08-03,51188659570.0,1080.0,1080.0,0.0777855727742354,-0.3665460863407852,0.6880455750060241,0.7592714794641678,-0.5102692709755595,-1.877105228089476,0.482911882735849,-25.72294452046379,-33880000000.0,-4470000000.0,-560000000.0,-12250000000.0,2440000000.0,101700000000.0,111000000000.0,99900000000.0,48200000000.0,61000000000.0,0
00113410,1,1,000120,CJ대한통운,4542856098587.0,2280660482808.0,478598002387.0,1264510000000.0,869979999999.0,59450000000.0,2262200000000.0,4560090000000.0,259800000000.0,167080000000.0,0.0,260430000000.0,2015-08-03,4037784888000.0,173000.0,173000.0,0.10535178574902736,0.026067010170143283,1.7704454119486428,1.4534931837530214,-0.2470884476696769,67.91900568544996,0.8854616658881732,15.541897182448034,-48280000000.0,71860000000.0,53240000000.0,68279999999.0,6530000000.0,2236800000000.0,2291100000000.0,2223600000000.0,1914100000000.0,1820900000000.0,0
00114154,1,1,024900,덕양산업,217036944537.0,60807748604.0,10768904248.0,0.0,0.0,0.0,0.0,0.0,0.0,0.0,4000000000.0,0.0,2015-08-03,75713578500.0,2390.0,2390.0,0.049617839354369184,0.0,1.2451304354823536,,0.0,inf,inf,inf,1320000000.0,4090000000.0,7020000000.0,2470000000.0,2900000000.0,55800000000.0,54700000000.0,68200000000.0,61400000000.0,60400000000.0,0
00114808,1,1,086450,동국제약,244165973780.0,176565037118.0,127973631063.0,173160000000.0,52770000000.0,21000000000.0,67600000000.0,226010000000.0,22740000000.0,26550000000.0,30000000000.0,31970000000.0,2015-08-03,509511600000.0,61800.0,61800.0,0.5241255736080066,0.11893634403942335,2.8856879499846206,3.2814098919840817,0.20717879632181094,24.262457142857148,2.2543763550285387,22.405963060686016,16810000000.0,22310000000.0,20220000000.0,16850000000.0,12890000000.0,161900000000.0,147700000000.0,131000000000.0,113200000000.0,99700000000.0,0
00115977,1,1,010780,아이에스동서,1228484606385.0,465705824447.0,199653761613.0,646210000000.0,540600000000.0,50430000000.0,762780000000.0,801590000000.0,164050000000.0,80290000000.0,40000000000.0,146770000000.0,2015-08-03,2204089633200.0,82400.0,82400.0,0.16252036091889754,0.10828724347582047,4.732793788476308,1.1953570107288198,-0.05288804876358783,43.70592173706128,2.7496471178532667,13.435474752819262,21330000000.0,9880000000.0,12780000000.0,18160000000.0,22620000000.0,379800000000.0,366100000000.0,361900000000.0,323300000000.0,293500000000.0,0
00116824,1,1,000640,동아쏘시오홀딩스,1081069661479.0,534480000000.0,191538588807.0,355840000000.0,428530000000.0,6490000000.0,546589999999.0,630630000000.0,-7920000000.0,20830000000.0,100000000000.0,56950000000.0,2015-08-03,759825560500.0,173000.0,173000.0,0.17717506617007278,0.012142643316868727,1.4216164505687772,0.8303736027816022,-0.25104446324953555,117.07635755007703,1.2048674508031652,-95.937570770202,-11190000000.0,67750000000.0,60650000000.0,70410000000.0,63260000000.0,340700000000.0,746300000000.0,732400000000.0,728900000000.0,580100000000.0,1
00118044,1,1,030720,동원수산,99712286936.0,34235555770.0,-980822771.0,54440000000.0,25500000000.0,-7509999999.0,65479999999.0,110180000000.0,2630000000.0,-11770000000.0,0.0,-2970000000.0,2015-08-03,44655699000.0,11150.0,11150.0,-0.009836528688079714,-0.21936258460220112,1.3043661186634214,2.1349019607843136,-0.2472248838608483,-5.946164980818398,0.40529768560537305,16.979353231939164,-8650000000.0,2430000000.0,3990000000.0,4700000000.0,1540000000.0,38700000000.0,40800000000.0,39900000000.0,33500000000.0,27900000000.0,0
00119007,1,1,009580,무림P&P,1149695431995.0,546921572500.0,73780367669.0,270530000000.0,260410000000.0,-10330000000.0,602770000000.0,639400000000.0,98610000000.0,13150000000.0,17500000000.0,62790000000.0,2015-08-03,408512522200.0,6350.0,6350.0,0.06417383736227708,-0.01888753437312989,0.7469307168350906,1.0388617948619483,-0.8132920827267606,-39.546226737657314,0.6388997844854551,4.1427088753676085,29300000000.0,28089999999.0,11160000000.0,58550000000.0,6270000000.0,568300000000.0,553700000000.0,544400000000.0,550600000000.0,491400000000.0,0
00120021,1,1,003550,LG,17332707000000.0,12585835000000.0,1503473000000.0,3851210000000.0,2896800000000.0,834260000000.0,4746870000000.0,9865400000000.0,600270000000.0,1044110000000.0,100000000000.0,1319040000000.0,2015-08-03,10129103589700.0,57100.0,57100.0,0.08674196131048659,0.06628562983703505,0.8048018736698836,1.3294704501518917,-0.08842440913633971,12.141423045213726,1.0267301467451904,16.874245905509188,355980000000.0,408120000000.0,395500000000.0,421110000000.0,1538390000000.0,7589900000000.0,7408600000000.0,7176100000000.0,6973400000000.0,7399400000000.0,0
00120289,1,1,026040,제이에스티나,119804318090.0,75933842390.0,108104211588.0,88040000000.0,43830000000.0,8960000000.0,43870000000.0,158610000000.0,1700000000.0,10350000000.0,10000000000.0,14960000000.0,2015-08-03,236829386500.0,14800.0,14800.0,0.9023398597936128,0.11799745301944545,3.1188911168702944,2.0086698608259184,0.18650557117412453,26.431851171875,1.4931554536283966,139.31140382352942,8250000000.0,7320000000.0,4320000000.0,7009999999.0,7259999999.0,62400000000.0,54500000000.0,45300000000.0,40600000000.0,34100000000.0,0
00120377,1,1,000420,로케트전기,83190000000.0,-4129999999.0,-610000000.0,31689999999.0,77160000000.0,-12080000000.0,87320000000.0,28560000000.0,-570000000.0,-8670000000.0,0.0,-6859999999.0,2015-08-03,,,,-0.007332612092799616,2.9249394680205665,,0.4107050284992224,,,,,-23980000000.0,-12610000000.0,-2730000000.0,3170000000.0,1650000000.0,7900000000.0,20600000000.0,28500000000.0,30000000000.0,27500000000.0,1
00120571,1,1,005300,롯데칠성음료,4099992950758.0,2316617962069.0,913361587752.0,831690000000.0,1012050000000.0,20550000000.0,1783370000000.0,2184100000000.0,145050000000.0,93000000000.0,49000000000.0,179100000000.0,2015-08-03,2590703082000.0,2213000.0,2213000.0,0.22277150198103127,0.00887069009067276,1.1183126110643686,0.8217874610938195,-0.3673442960763035,126.06827649635036,1.1861650483036492,17.86075892450879,91350000000.0,87930000000.0,52390000000.0,36630000000.0,8780000000.0,2420500000000.0,2276200000000.0,2138900000000.0,2140700000000.0,1989800000000.0,0
00125965,1,1,111870,삼본전자,89870974053.0,79615692403.0,12818067628.0,77870000000.0,10170000000.0,1620000000.0,10260000000.0,53410000000.0,-11200000000.0,2950000000.0,6300000000.0,1980000000.0,2015-08-03,77900000000.0,8150.0,8150.0,0.14262744743859956,0.020347747423960817,0.9784503236583628,7.6568338249754175,0.8679075738125802,48.086419753086425,1.4585283654746302,-6.955357142857142,7470000000.0,6620000000.0,8459999999.0,13780000000.0,12040000000.0,81600000000.0,76500000000.0,71600000000.0,67900000000.0,37200000000.0,0
00126487,1,1,007700,F&F,322662217698.0,189525032113.0,181589655843.0,155120000000.0,68790000000.0,13980000000.0,133140000000.0,301410000000.0,-18590000000.0,12070000000.0,15000000000.0,26450000000.0,2015-08-03,299530000000.0,17950.0,17950.0,0.5627856187766033,0.07376334325939986,1.5804244782895591,2.2549789213548483,0.0733816312222482,21.425608011444922,0.9937626488835803,-16.11242603550296,8290000000.0,6720000000.0,18430000000.0,27500000000.0,15710000000.0,173100000000.0,166400000000.0,162000000000.0,150400000000.0,122600000000.0,0
00128555,1,1,004690,삼천리,3659823478411.0,1318184721795.0,257283957568.0,1176260000000.0,858340000000.0,11640000000.0,2341640000000.0,3736250000000.0,-61390000000.0,27330000000.0,200000000000.0,106109999999.0,2015-08-03,496740562500.0,126000.0,126000.0,0.07029955381337298,0.008830325376666151,0.37683683802948187,1.3703893561991751,-2.3460536303596107,42.67530605670103,0.1329516393442623,-8.091555017103763,44300000000.0,40210000000.0,34930000000.0,70730000000.0,120800000000.0,1190900000000.0,1155000000000.0,1124200000000.0,830900000000.0,817300000000.0,0
00128980,1,1,010960,삼호개발,198353328874.0,121843440130.0,17717914318.0,111620000000.0,68710000000.0,3600000000.0,76510000000.0,210840000000.0,20660000000.0,5560000000.0,10000000000.0,6110000000.0,2015-08-03,85250000000.0,3365.0,3365.0,0.08932501621515489,0.029546112586438838,0.6996683605538642,1.6245088051229806,0.4118475073313783,23.680555555555557,0.4043350407892241,4.1263310745401744,6380000000.0,10100000000.0,6440000000.0,12830000000.0,13040000000.0,129100000000.0,125300000000.0,116100000000.0,99900000000.0,79800000000.0,0
00129387,1,1,000390,삼화페인트공업,505069755998.0,279662083423.0,107466455328.0,261560000000.0,135580000000.0,35530000000.0,225410000000.0,526730000000.0,50500000000.0,45830000000.0,40000000000.0,59990000000.0,2015-08-03,470400000000.0,20450.0,20450.0,0.2127754712131794,0.12704618218215682,1.6820299492959914,1.9291930963268917,0.07684948979591838,13.2395159020546,0.8930571640119226,9.314851485148512,15619999999.0,12670000000.0,10570000000.0,7950000000.0,16150000000.0,231200000000.0,215400000000.0,205900000000.0,201900000000.0,200600000000.0,0
00138729,1,1,002310,아세아제지,715736923126.0,482415143809.0,86675299093.0,227840000000.0,152300000000.0,18590000000.0,233319999999.0,615420000000.0,79240000000.0,24800000000.0,45000000000.0,58740000000.0,2015-08-03,193460443200.0,21850.0,21850.0,0.12109938203892474,0.038535274521481935,0.4010248137579108,1.495994747209455,-0.028326204098140927,10.406694093598713,0.3143551447791752,2.441449308430086,19170000000.0,22540000000.0,4010000000.0,5090000000.0,14490000000.0,449800000000.0,232300000000.0,209900000000.0,221400000000.0,225000000000.0,0
00139889,1,1,011790,SKC,3686751079353.0,1301005063440.0,440943475258.0,940829999999.0,1332580000000.0,43310000000.0,2385750000000.0,2802240000000.0,189540000000.0,152380000000.0,55000000000.0,278660000000.0,2015-08-03,1226585086050.0,35450.0,35450.0,0.1196021824547435,0.033289647532565025,0.9427980878158726,0.7060214020914316,-1.178002257188785,28.32105947933503,0.4377159294171805,6.471378527223807,62850000000.0,81000000000.0,139260000000.0,130620000000.0,10320000000.0,1206500000000.0,1163000000000.0,1102700000000.0,1024600000000.0,871400000000.0,0
00143794,1,1,005820,원림,128988267682.0,96835731860.0,18209535738.0,60129999999.0,18690000000.0,5300000000.0,32150000000.0,82640000000.0,6690000000.0,5030000000.0,35000000000.0,8550000000.0,2015-08-03,60060000000.0,27900.0,27900.0,0.14117203110978052,0.05473186290017884,0.6202256010914606,3.217228464365971,0.4658674658508158,11.332075471698113,0.7267666989351403,8.977578475336323,4880000000.0,4370000000.0,2640000000.0,2240000000.0,3190000000.0,65500000000.0,61500000000.0,62600000000.0,62500000000.0,59100000000.0,0
00146083,1,1,000230,일동홀딩스,620345999427.0,332949695406.0,205943268243.0,244800000000.0,152500000000.0,11930000000.0,287400000000.0,417520000000.0,39360000000.0,14460000000.0,18200000000.0,31660000000.0,2015-08-03,775856611750.0,32000.0,32000.0,0.3319812950083103,0.0358312386664073,2.330251754109334,1.6052459016393443,-0.05490705286884474,65.03408313076278,1.8582501718480549,19.71180416031504,7200000000.0,18060000000.0,24810000000.0,18590000000.0,19120000000.0,321900000000.0,318900000000.0,304200000000.0,274800000000.0,190800000000.0,0
00146542,1,1,008500,일정실업,63996008409.0,51988401107.0,12626027365.0,33120000000.0,11080000000.0,3020000000.0,12010000000.0,78640000000.0,10550000000.0,5140000000.0,125000000000.0,6550000000.0,2015-08-03,34080000000.0,28300.0,28300.0,0.1972939825294534,0.058089880352049726,0.6555308352310778,2.989169675090253,0.6194248826291079,11.284768211920529,0.4333672431332655,3.2303317535545024,1810000000.0,4129999999.0,-420000000.0,80000000.0,-3030000000.0,45200000000.0,45400000000.0,43500000000.0,48400000000.0,49500000000.0,0
00148276,1,1,030000,제일기획,1843852103644.0,882689821727.0,792850000000.0,1523220000000.0,904850000000.0,102020000000.0,961160000000.0,2666260000000.0,55910000000.0,126770000000.0,0.0,170250000000.0,2015-08-03,2249055948750.0,18900.0,18900.0,0.4299965265289405,0.11557853901656627,2.5479572703689706,1.6833950378515776,0.2499093009724309,22.045245527837682,0.8435246182855386,40.22636288231086,52250000000.0,58070000000.0,79290000000.0,104990000000.0,91050000000.0,562100000000.0,618300000000.0,670300000000.0,655600000000.0,566000000000.0,0
00150439,1,1,003780,진양산업,39435527220.0,33218144498.0,8367010734.0,15619999999.0,3360000000.0,3040000000.0,6220000000.0,38470000000.0,3300000000.0,4150000000.0,15000000000.0,4710000000.0,2015-08-03,37180000000.0,2870.0,2870.0,0.21216936411988965,0.09151624950583956,1.1192678146799722,4.648809523511905,0.25282409895104896,12.230263157894735,0.966467377177021,11.266666666666667,2390000000.0,2670000000.0,3870000000.0,3879999999.0,3070000000.0,31200000000.0,24700000000.0,24000000000.0,18600000000.0,16000000000.0,0
00156691,1,1,005430,한국공항,388018468014.0,265759866251.0,41460844073.0,162490000000.0,65750000000.0,28010000000.0,122259999999.0,438210000000.0,-28430000000.0,13440000000.0,50000000000.0,49580000000.0,2015-08-03,104648032750.0,33600.0,33600.0,0.1068527595740728,0.1053958989185584,0.3937691353711171,2.4713307984790878,0.3844314980780181,3.736095421278116,0.2388079522375117,-3.6809016092156175,-12130000000.0,1430000000.0,-14540000000.0,56729999999.0,-29850000000.0,242700000000.0,236800000000.0,276600000000.0,267100000000.0,231500000000.0,0
00158565,1,1,017890,한국알콜,257918538651.0,190036397745.0,27103003528.0,113759999999.0,48030000000.0,11620000000.0,67879999999.0,186290000000.0,10700000000.0,12930000000.0,5000000000.0,22760000000.0,2015-08-03,202013856000.0,9050.0,9050.0,0.1050835805357682,0.06114618114153204,1.0630271800409097,2.3685196751821778,0.22711313425946386,17.385013425129088,1.08440526061517,18.87979962616823,1820000000.0,7380000000.0,10810000000.0,12380000000.0,13900000000.0,177300000000.0,175300000000.0,169800000000.0,157600000000.0,150900000000.0,0
00162586,1,1,009420,한올바이오파마,87171186696.0,45809434674.0,40040000000.0,63300000000.0,33189999999.0,-12660000000.0,41360000000.0,80880000000.0,-3520000000.0,819999999.0,0.0,-9840000000.0,2015-08-03,449771889200.0,11400.0,11400.0,0.4593260860338535,-0.2763622841035718,9.818324377953443,1.90720096420329,0.04878028290968612,-35.52700546603476,5.5609778585558844,-127.77610488636364,-21350000000.0,-2980000000.0,-14560000000.0,210000000.0,580000000.0,59800000000.0,78700000000.0,50700000000.0,54000000000.0,53000000000.0,0
00162911,1,1,005860,한일사료,154920625249.0,57630934845.0,28725135074.0,81320000000.0,88900000000.0,4040000000.0,97290000000.0,237450000000.0,2490000000.0,6409999999.0,2300000000.0,7970000000.0,2015-08-03,42787117900.0,1350.0,1350.0,0.1854184039590004,0.07010124008686815,0.7424331743893647,0.9147356580427448,-0.3732431812145964,10.590870767326733,0.18019422152032008,17.183581485943776,-2790000000.0,2610000000.0,1250000000.0,2800000000.0,5990000000.0,33900000000.0,37500000000.0,35700000000.0,46200000000.0,33100000000.0,0
00163318,1,1,006920,모헨즈,71805976683.0,23599473752.0,9434389722.0,38280000000.0,42290000000.0,3900000000.0,48210000000.0,98520000000.0,5120000000.0,4920000000.0,0.0,7240000000.0,2015-08-03,49904400000.0,4585.0,4585.0,0.13138724877526226,0.1652579223157247,2.1146403739520134,0.9051785292031213,-0.19898045062158848,12.796,0.5065408038976857,9.746953125,790000000.0,390000000.0,220000000.0,700000000.0,290000000.0,10200000000.0,9400000000.0,9100000000.0,9500000000.0,8700000000.0,0
00164609,1,1,010620,현대미포조선,10063720316000.0,1926598234000.0,-532400000000.0,7450320000000.0,6718700000000.0,-679260000000.0,8137120000000.0,3967480000000.0,405770000000.0,-867720000000.0,0.0,-823660000000.0,2015-08-03,1066000000000.0,54100.0,54100.0,-0.052902901042823455,-0.35256961623478783,0.5533068499636131,1.1088930894369446,-0.6442776735459662,-1.5693548861996882,0.2686844042061964,2.6271040244473465,-187910000000.0,112140000000.0,227860000000.0,453789999999.0,378650000000.0,3171700000000.0,3194400000000.0,3211900000000.0,4209200000000.0,2616100000000.0,0
00164724,1,1,017800,현대엘리베이터,1072912063301.0,371685608677.0,258297223036.0,552480000000.0,567200000000.0,50420000000.0,701230000000.0,1305580000000.0,143480000000.0,133759999999.0,0.0,91670000000.0,2015-08-03,1968137788700.0,80100.0,80100.0,0.24074407574587595,0.13565227929988455,5.295168127992653,0.9740479548660084,-0.07557905795724433,39.034862925426424,1.5074815704131497,13.717157713270142,-186620000000.0,-41410000000.0,-137610000000.0,139630000000.0,-209110000000.0,626800000000.0,708900000000.0,631800000000.0,624300000000.0,440300000000.0,1
00165060,1,1,013030,하이록코리아,305540415687.0,248876968079.0,74195653005.0,218110000000.0,50790000000.0,38240000000.0,56660000000.0,193030000000.0,36820000000.0,48990000000.0,40000000000.0,52120000000.0,2015-08-03,449236656000.0,33500.0,33500.0,0.2428341692151361,0.15365021639070126,1.80505516226556,4.294349281354597,0.3593874138356154,11.747820502092054,2.327289312542092,12.20088690928843,32880000000.0,28410000000.0,23520000000.0,19670000000.0,19180000000.0,212600000000.0,183300000000.0,156700000000.0,132500000000.0,94400000000.0,0
00165413,1,1,011170,롯데케미칼,10322655619289.0,6468998769263.0,800407428100.0,4321550000000.0,2057809999999.0,143650000000.0,3853660000000.0,14858970000000.0,308480000000.0,350930000000.0,100000000000.0,825929999999.0,2015-08-03,7711969275000.0,255000.0,255000.0,0.07753890642291232,0.0222059093105015,1.19214264062669,2.10007240707456,0.06067062553228339,53.685828576400965,0.5190110266727774,24.99990039872925,338810000000.0,343040000000.0,748630000000.0,784280000000.0,796700000000.0,6434900000000.0,6124400000000.0,5090300000000.0,4455400000000.0,3725200000000.0,0
00166272,1,1,013520,화승알앤에이,1159261044126.0,190744039366.0,298126143960.0,623020000000.0,810690000000.0,9460000000.0,968520000000.0,1696590000000.0,102500000000.0,85690000000.0,2500000000.0,97320000000.0,2015-08-03,201753781250.0,31700.0,31700.0,0.25716912120062296,0.04959525881617792,1.0577199786719127,0.7685058407035982,-1.7124833936662591,21.327038187103593,0.1189172288236993,1.968329573170732,-22790000000.0,6230000000.0,9540000000.0,5320000000.0,15110000000.0,200300000000.0,228700000000.0,223400000000.0,217000000000.0,192700000000.0,0
00173032,1,1,025900,동화기업,1062651119445.0,493599462253.0,124751825423.0,182100000000.0,371890000000.0,36450000000.0,569050000000.0,565250000000.0,85240000000.0,56190000000.0,0.0,84350000000.0,2015-08-03,861405360000.0,60600.0,60600.0,0.1173967853985372,0.07384529925058374,1.74515052360101,0.4896609212401517,-0.4492077922524188,23.63252016460905,1.5239369482529854,10.10564711403097,2290000000.0,720000000.0,-6640000000.0,3560000000.0,6740000000.0,264800000000.0,226000000000.0,225200000000.0,234600000000.0,236300000000.0,0
00173944,1,1,105840,우진,176954856030.0,117123209602.0,21108069053.0,71720000000.0,41070000000.0,1910000000.0,59829999999.0,105140000000.0,-9280000000.0,1130000000.0,17000000000.0,6890000000.0,2015-08-03,129158400000.0,7500.0,7500.0,0.11928505115124645,0.0163076132091191,1.1027566648736586,1.7462868273679084,0.09205750459126158,67.62219895287959,1.2284420772303597,-13.917931034482761,1590000000.0,4810000000.0,7100000000.0,8980000000.0,10620000000.0,90700000000.0,90400000000.0,82600000000.0,78900000000.0,47400000000.0,0
00174004,1,1,002920,유성기업,377733035430.0,267288719507.0,30128183482.0,173690000000.0,64100000000.0,20320000000.0,110440000000.0,303450000000.0,40530000000.0,15880000000.0,13000000000.0,44060000000.0,2015-08-03,117542175000.0,4560.0,4560.0,0.07976052041014357,0.07602266207672054,0.4397573351273498,2.709672386895476,0.5381047270905103,5.784555856299213,0.387352694018784,2.9001276831976317,13219999999.0,11540000000.0,8790000000.0,11860000000.0,-1620000000.0,191500000000.0,172000000000.0,165500000000.0,165400000000.0,151800000000.0,0
00177199,1,1,024090,디씨엠,156796347057.0,135568249960.0,5576104798.0,0.0,0.0,0.0,0.0,0.0,10840000000.0,0.0,20000000000.0,2120000000.0,2015-08-03,204750000000.0,18100.0,18100.0,0.03556272134307392,0.0,1.5103093833579202,,0.0,inf,inf,18.88837638376384,3350000000.0,12730000000.0,15130000000.0,23380000000.0,13480000000.0,129000000000.0,132900000000.0,126900000000.0,120700000000.0,99400000000.0,0
00180795,1,1,023810,인팩,164019435260.0,93766718779.0,35431803856.0,85610000000.0,49900000000.0,14319999999.0,70250000000.0,218380000000.0,9900000000.0,9670000000.0,14000000000.0,27100000000.0,2015-08-03,57500000000.0,5790.0,5790.0,0.21602198422299326,0.15271943164344906,0.6132239748681245,1.71563126252505,0.2671304347826087,4.015363128772022,0.2633025002289587,5.808080808080808,15500000000.0,4040000000.0,7659999999.0,12800000000.0,6430000000.0,66000000000.0,50400000000.0,47800000000.0,46900000000.0,35300000000.0,0
00197476,1,1,029960,코엔텍,104498650329.0,90119012056.0,15061151455.0,0.0,0.0,0.0,0.0,0.0,14880000000.0,0.0,2500000000.0,16930000000.0,2015-08-03,169000000000.0,3470.0,3470.0,0.1441277127272169,0.0,1.87529796592736,,0.0,inf,inf,11.35752688172043,7540000000.0,8090000000.0,4470000000.0,2210000000.0,229999999.0,75500000000.0,67900000000.0,60000000000.0,55000000000.0,52800000000.0,0
00200910,1,1,031310,아이즈비전,101772732711.0,66853679914.0,23862709686.0,59490000000.0,21400000000.0,2960000000.0,34920000000.0,127200000000.0,9240000000.0,3279999999.0,5000000000.0,4020000000.0,2015-08-03,49999059580.0,3185.0,3185.0,0.2344705605357183,0.04427579758971712,0.7478879194730695,2.7799065420560747,0.4914092426215989,16.891574182432432,0.3930743677672956,5.411153634199134,1870000000.0,-670000000.0,-3420000000.0,-3000000000.0,-3940000000.0,60800000000.0,58900000000.0,56300000000.0,57100000000.0,59200000000.0,0
00206659,1,1,054210,이랜텍,420719812400.0,116267623527.0,52591582165.0,228230000000.0,252530000000.0,4900000000.0,304450000000.0,579350000000.0,2600000000.0,8520000000.0,4700000000.0,30480000000.0,2015-08-03,79630951950.0,5000.0,5000.0,0.12500381635224364,0.04214414857169682,0.6848936060992755,0.9037738090523898,-0.9571655007698298,16.25121468367347,0.1374487821696729,30.627289211538464,10510000000.0,4620000000.0,880000000.0,4480000000.0,6320000000.0,106800000000.0,90400000000.0,85100000000.0,86400000000.0,81100000000.0,0
00208444,1,1,031980,피에스케이홀딩스,198582776082.0,169916234811.0,59309650452.0,123580000000.0,15680000000.0,10780000000.0,28670000000.0,148570000000.0,14680000000.0,17510000000.0,20000000000.0,15430000000.0,2015-08-03,226697384600.0,10900.0,10900.0,0.2986646255136926,0.06344302539419339,1.3341714218900766,7.881377551020408,0.418663850787099,21.0294419851577,1.5258624527158915,15.442601130790193,8610000000.0,9170000000.0,2110000000.0,10110000000.0,4480000000.0,145900000000.0,135100000000.0,125600000000.0,126000000000.0,114900000000.0,0
00210740,1,1,067080,대화제약,124073019086.0,58505038886.0,39477203518.0,57790000000.0,49160000000.0,-1150000000.0,65570000000.0,134930000000.0,6180000000.0,4450000000.0,10000000000.0,9710000000.0,2015-08-03,710773986000.0,35400.0,35400.0,0.3181771815404666,-0.01965642655568237,12.148936220433571,1.1755492270138324,-0.010945814215547276,-618.0643356521739,5.267723901282147,115.01197184466021,1260000000.0,2280000000.0,2710000000.0,2820000000.0,4010000000.0,61700000000.0,61300000000.0,58200000000.0,53700000000.0,51800000000.0,0
00210980,1,1,032940,원익,102431312880.0,39954648204.0,13110905587.0,29739999999.0,55779999999.0,260000000.0,62479999999.0,56840000000.0,-80000000.0,459999999.0,0.0,4520000000.0,2015-08-03,66962489600.0,5500.0,5500.0,0.12799704717599047,0.006507378032025082,1.6759624376644155,0.5331660093139685,-0.4889304474127557,257.5480369230769,1.1780874313863476,-837.03112,-2089999999.0,-7600000000.0,40000000.0,39750000000.0,-9970000000.0,25700000000.0,27300000000.0,34400000000.0,61400000000.0,22200000000.0,0
00216762,1,1,045100,한양이엔지,314056450617.0,133168447442.0,41696529118.0,178700000000.0,165520000000.0,18190000000.0,180890000000.0,449210000000.0,10300000000.0,24900000000.0,15000000000.0,32000000000.0,2015-08-03,204300000000.0,12100.0,12100.0,0.13276762517083274,0.1365939180744932,1.5341471942066498,1.0796278395360075,-0.010719530102790014,11.231445849367782,0.4547984238997351,19.83495145631068,10690000000.0,5520000000.0,10580000000.0,12270000000.0,-15110000000.0,95300000000.0,84900000000.0,81400000000.0,80100000000.0,52600000000.0,0
00219574,1,1,044820,코스맥스비티아이,405561143766.0,275555981731.0,30781828343.0,65379999999.0,80860000000.0,15890000000.0,130009999999.0,135909999999.0,6050000000.0,7200000000.0,24000000000.0,23190000000.0,2015-08-03,892204260900.0,91700.0,91700.0,0.0758993528254779,0.057665233395339424,3.2378330359417737,0.8085580014716794,-0.07243856909493493,56.148789232221525,6.5646697145652615,147.47177866115703,15650000000.0,13610000000.0,6520000000.0,8850000000.0,6630000000.0,79200000000.0,67100000000.0,56500000000.0,49000000000.0,43600000000.0,1
00231691,1,1,032800,판타지오,38632189715.0,23771927629.0,-34450037.0,8240000000.0,12919999999.0,-27139999999.0,14860000000.0,12560000000.0,-740000000.0,-4150000000.0,0.0,-26030000000.0,2015-08-03,50565007875.0,1010.0,1010.0,-0.0008917443524207956,-1.1416827622296477,2.127089088615364,0.6377708978821804,-0.13092057686147449,-1.863117460459216,4.02587642316879,-68.33109172297297,-2870000000.0,-1030000000.0,520000000.0,-1800000000.0,-3020000000.0,13800000000.0,17000000000.0,18300000000.0,17100000000.0,19000000000.0,0
00235183,1,1,044780,에이치케이,79020647685.0,44166427320.0,10812748619.0,48280000000.0,18940000000.0,2880000000.0,34850000000.0,55029999999.0,-3040000000.0,2080000000.0,0.0,3940000000.0,2015-08-03,30369548550.0,1690.0,1690.0,0.13683447220152964,0.0652079005424974,0.6876161463086619,2.5491024287222808,0.4422192835000177,10.544982135416667,0.5518725885980714,-9.989983075657896,3690000000.0,6590000000.0,4660000000.0,969999999.0,-4680000000.0,40400000000.0,37000000000.0,30600000000.0,24700000000.0,23700000000.0,0
00239514,1,1,054090,삼진엘앤디,172919116500.0,88483165126.0,30694887674.0,90630000000.0,63700000000.0,-8030000000.0,84440000000.0,229980000000.0,11850000000.0,-1860000000.0,0.0,6270000000.0,2015-08-03,61212093360.0,2885.0,2885.0,0.1775100885042979,-0.09075172648452713,0.6917936680139549,1.4227629513343798,0.10112380838857167,-7.622925698630137,0.26616268092877643,5.1655774987341765,5620000000.0,5640000000.0,1010000000.0,1920000000.0,-8259999999.0,73800000000.0,60000000000.0,53900000000.0,40400000000.0,37400000000.0,1
00244419,1,1,033430,디에스티,181113794380.0,39412815990.0,-1270000000.0,28400000000.0,47290000000.0,-19230000000.0,141700000000.0,34620000000.0,4510000000.0,-7450000000.0,0.0,-18260000000.0,2015-08-03,51782532450.0,406.0,406.0,-0.0070121660492374034,-0.4879123583780242,1.3138501055884588,0.6005497991118629,-2.187996504601234,-2.6927993993759762,1.4957403942807626,11.481714512195122,-4620000000.0,-6480000000.0,-3260000000.0,-8220000000.0,-6409999999.0,17400000000.0,12700000000.0,15500000000.0,17300000000.0,23200000000.0,1
00247975,1,1,036830,솔브레인홀딩스,574278287856.0,422008167709.0,97772739751.0,174250000000.0,143970000000.0,36430000000.0,152270000000.0,538589999999.0,70670000000.0,48030000000.0,45000000000.0,93540000000.0,2015-08-03,681574075150.0,42900.0,42900.0,0.170253241013208,0.08632534341164855,1.6150731841284796,1.2103215947766897,0.03224887917745796,18.709142880867415,1.2654785182629928,9.644461230366492,56600000000.0,61120000000.0,17150000000.0,32980000000.0,25450000000.0,379100000000.0,328200000000.0,233600000000.0,211300000000.0,182000000000.0,0
00248123,1,1,040670,와이즈파워,6800000000.0,-6759999999.0,2020000000.0,5600000000.0,13469999999.0,-17100000000.0,13569999999.0,7140000000.0,1160000000.0,-150000000.0,0.0,-11550000000.0,2015-08-03,,,,0.29705882352941176,2.529585799190768,,0.4157386785757787,,,,,-6070000000.0,-10220000000.0,-4920000000.0,-4800000000.0,-3820000000.0,3600000000.0,5200000000.0,9900000000.0,8300000000.0,9500000000.0,1
00249247,1,1,037270,YG PLUS,109807020109.0,105021401652.0,3534925862.0,102680000000.0,4740000000.0,-3460000000.0,4790000000.0,10240000000.0,-1830000000.0,-1630000000.0,0.0,-3060000000.0,2015-08-03,259661505810.0,4660.0,4660.0,0.032192166388734116,-0.03294566579357884,2.4724627716397944,21.662447257383967,0.3769908046040073,-75.0466779797688,25.357568926757807,-141.89153322950818,-3810000000.0,-2360000000.0,1069999999.0,-1240000000.0,-5300000000.0,26000000000.0,29800000000.0,32600000000.0,25900000000.0,26900000000.0,1
00253985,1,1,066620,국보디자인,132011877145.0,74350887893.0,26287245061.0,106959999999.0,54110000000.0,10940000000.0,57660000000.0,176370000000.0,13119999999.0,13350000000.0,25000000000.0,12869999999.0,2015-08-03,157500000000.0,21950.0,21950.0,0.19912787871447696,0.14714013927774466,2.1183338150132345,1.9767141008870817,0.3130158730095238,14.39670932358318,0.8930090151386291,12.00457317164669,9420000000.0,8040000000.0,6609999999.0,5530000000.0,5070000000.0,64900000000.0,58300000000.0,48500000000.0,43100000000.0,38900000000.0,0
00268118,1,1,036690,코맥스,85749892738.0,44212551642.0,23685142675.0,51670000000.0,34450000000.0,4470000000.0,41540000000.0,109600000000.0,11080000000.0,7490000000.0,4400000000.0,8620000000.0,2015-08-03,81753455080.0,6350.0,6350.0,0.2762119218897162,0.10110251125505487,1.8491005844217725,1.499854862119013,0.12390913619598425,18.289363552572702,0.7459256850364964,7.378470675090253,7770000000.0,6609999999.0,6230000000.0,1950000000.0,-1930000000.0,42500000000.0,36200000000.0,30300000000.0,24900000000.0,22500000000.0,0
00273439,1,1,041920,메디아나,37022567838.0,27295573321.0,14445206826.0,26380000000.0,7550000000.0,3629999999.0,9730000000.0,38360000000.0,730000000.0,4279999999.0,0.0,5490000000.0,2015-08-03,165716901000.0,22750.0,22750.0,0.3901730125583949,0.1329885969534569,6.0712005954644965,3.4940397350993377,0.10047255228360806,45.65203885555152,4.320044343065693,227.00945342465752,3040000000.0,740000000.0,459999999.0,1350000000.0,2640000000.0,15300000000.0,12400000000.0,12400000000.0,11900000000.0,10600000000.0,1
00296324,1,1,051780,큐로홀딩스,76809885432.0,32218224512.0,3801464922.0,5640000000.0,40070000000.0,-3020000000.0,44590000000.0,13119999999.0,700000000.0,-80000000.0,0.0,1950000000.0,2015-08-03,47470197450.0,2000.0,2000.0,0.04949187074840057,-0.09373576743421012,1.473395823916965,0.14075368105814826,-0.8205148091289433,-15.718608427152322,3.6181552937208963,67.81456778571429,-1260000000.0,-3300000000.0,520000000.0,-5050000000.0,-12160000000.0,34500000000.0,32200000000.0,33300000000.0,22800000000.0,28600000000.0,1
00299464,1,1,047820,초록뱀,26896000969.0,21617396755.0,486267567.0,13000000000.0,5280000000.0,-2030000000.0,5280000000.0,25580000000.0,-4350000000.0,-2139999999.0,0.0,-2270000000.0,2015-08-03,78712173630.0,2550.0,2550.0,0.01807954898426967,-0.0939058492105656,3.641149511297851,2.462121212121212,0.09807885672537996,-38.774469768472905,3.077098265441752,-18.09475255862069,-2530000000.0,1560000000.0,869999999.0,-6390000000.0,-9500000000.0,23400000000.0,25900000000.0,24100000000.0,19300000000.0,10000000000.0,1
00300557,1,1,071460,위니아딤채,231710000000.0,39610000000.0,85720000000.0,137109999999.0,148480000000.0,-17990000000.0,192090000000.0,382510000000.0,-17600000000.0,-19640000000.0,0.0,-4870000000.0,2015-08-03,,,,0.36994519010832505,-0.4541782378187326,,0.9234240301656788,,,,,11350000000.0,13010000000.0,12710000000.0,7450000000.0,1689999999.0,60200000000.0,48300000000.0,37200000000.0,26300000000.0,11600000000.0,0
00301422,1,1,066590,우수AMS,137218063555.0,31211754119.0,17836389394.0,69070000000.0,103300000000.0,4010000000.0,106009999999.0,218890000000.0,3520000000.0,2650000000.0,0.0,10340000000.0,2015-08-03,34753954955.0,2040.0,2040.0,0.1299857244148529,0.12847723920646076,1.1134893227242135,0.6686350435624395,-1.062900612227602,8.666821684538652,0.1587736075426013,9.873282657670458,3429999999.0,540000000.0,2150000000.0,2160000000.0,-1040000000.0,32700000000.0,29100000000.0,28300000000.0,24900000000.0,23300000000.0,0
00303794,1,1,086980,쇼박스,142394840360.0,105384517226.0,10026091293.0,97870000000.0,36960000000.0,-790000000.0,37010000000.0,72000000000.0,-43830000000.0,1770000000.0,0.0,47000000000.0,2015-08-03,513320000000.0,8700.0,8700.0,0.07041049568686772,-0.007496357347311495,4.8709242449644785,2.6479978354978355,0.11856152107846955,-649.7721518987341,7.129444444444442,-11.711613050422086,2350000000.0,-4930000000.0,-10470000000.0,-7940000000.0,-4550000000.0,105500000000.0,102900000000.0,108100000000.0,105900000000.0,117200000000.0,0
00305570,1,1,043710,서울리거,20712510857.0,16978402292.0,364489930.0,19820000000.0,3390000000.0,-7370000000.0,3729999999.0,7759999999.0,-7520000000.0,-7009999999.0,0.0,-6790000000.0,2015-08-03,147943171200.0,8700.0,8700.0,0.01759757339496177,-0.4340808913140577,8.713609717547385,5.846607669616518,0.10875797693459203,-20.07370029850746,19.064841651941347,-19.67329404255319,-11530000000.0,1360000000.0,-869999999.0,-8450000000.0,-5650000000.0,1500000000.0,11500000000.0,9700000000.0,8600000000.0,17100000000.0,1
00306870,1,1,066910,손오공,54240480220.0,20302933765.0,12379254540.0,30430000000.0,21300000000.0,-4970000000.0,33939999999.0,53060000000.0,-1019999999.0,-3500000000.0,0.0,-570000000.0,2015-08-03,157652359200.0,7250.0,7250.0,0.2282290733745277,-0.2447922087283625,7.7650038671640225,1.4286384976525819,-0.02226417680529072,-31.720796619718307,2.971209182058048,-154.56113662211877,-10970000000.0,-4930000000.0,1220000000.0,-28270000000.0,-7859999999.0,17700000000.0,28700000000.0,33500000000.0,38000000000.0,60500000000.0,0
00309831,1,1,061040,알에프텍,200605067942.0,85914508282.0,28036711030.0,128640000000.0,112280000000.0,-6970000000.0,114690000000.0,406630000000.0,14269999999.0,-5580000000.0,3200000000.0,3110000000.0,2015-08-03,82677000000.0,6520.0,6520.0,0.13976073145921775,-0.08112715930494697,0.9623170946707462,1.1457071606697542,0.1687289088863892,-11.86183644189383,0.20332243071096573,5.7937631398594105,8159999999.0,19010000000.0,7740000000.0,6880000000.0,10170000000.0,98800000000.0,91300000000.0,74400000000.0,69500000000.0,57800000000.0,0
00349732,1,1,052400,코나아이,306529969082.0,180139771823.0,65576427655.0,207000000000.0,119030000000.0,26000000000.0,126390000000.0,214210000000.0,39570000000.0,29780000000.0,25000000000.0,44270000000.0,2015-08-03,739836060900.0,47000.0,47000.0,0.2139315377592252,0.1443323688982288,4.107011202539663,1.7390573804923128,0.10895657059746328,28.455233111538462,3.4537886228467403,18.69689312357847,19850000000.0,16160000000.0,15400000000.0,11090000000.0,9460000000.0,126800000000.0,96100000000.0,79400000000.0,60600000000.0,43000000000.0,1
00351807,1,1,048910,대원미디어,89995584364.0,54837939689.0,18766214929.0,51950000000.0,17060000000.0,680000000.0,35160000000.0,80220000000.0,2570000000.0,1720000000.0,0.0,7640000000.0,2015-08-03,103585853000.0,10000.0,10000.0,0.20852372993209714,0.012400174110414323,1.8889450184938,3.045134818288393,0.16208777080785347,152.3321367647059,1.2912721640488656,40.30577937743191,-13430000000.0,860000000.0,-1620000000.0,910000000.0,7659999999.0,42600000000.0,55200000000.0,55500000000.0,57800000000.0,57000000000.0,0
00359623,1,1,072470,우리산업홀딩스,245655877207.0,87590678915.0,17496578410.0,171180000000.0,131950000000.0,14410000000.0,158070000000.0,115590000000.0,24740000000.0,4190000000.0,3000000000.0,11740000000.0,2015-08-03,38907612360.0,6030.0,6030.0,0.07122393573045535,0.16451522215033626,0.4441980909607613,1.2973095869647593,0.3369520565460882,2.700042495489244,0.3366001588372697,1.5726601600646726,8870000000.0,2990000000.0,3470000000.0,2820000000.0,760000000.0,61800000000.0,48700000000.0,43500000000.0,38600000000.0,31500000000.0,0
00360142,1,1,122900,아이마켓코리아,1090486206984.0,433106417536.0,154786625744.0,866240000000.0,618000000000.0,44140000000.0,657380000000.0,2733770000000.0,217860000000.0,56840000000.0,50000000000.0,69880000000.0,2015-08-03,1049545528000.0,30900.0,30900.0,0.14194276346887447,0.1019149063897929,2.423297105526637,1.40168284789644,0.19900041916047306,23.77765129134572,0.3839187378601711,4.8175228495364015,39570000000.0,38720000000.0,34530000000.0,31089999999.0,21100000000.0,347800000000.0,318000000000.0,287500000000.0,261300000000.0,97800000000.0,0
00361266,1,1,056000,네스엠,66975754256.0,24189943269.0,5446208691.0,0.0,0.0,0.0,0.0,0.0,-3379999999.0,0.0,0.0,4460000000.0,2015-08-03,19677150000.0,1780.0,1780.0,0.08131612329714231,0.0,0.8134434124621014,,0.0,inf,inf,-5.8216420135566995,-5610000000.0,-12360000000.0,-11660000000.0,7409999999.0,16219999999.0,32900000000.0,33400000000.0,45700000000.0,59600000000.0,52800000000.0,0
00363246,1,1,046940,우원개발,116037043712.0,44259334726.0,10959759850.0,69620000000.0,69280000000.0,2480000000.0,71780000000.0,210110000000.0,9620000000.0,4680000000.0,0.0,5100000000.0,2015-08-03,51277072000.0,3550.0,3550.0,0.09445052630952708,0.05603337726048404,1.1585594839471791,1.0049076212471129,-0.04212409008065047,20.67623870967742,0.24404869830089,5.3302569646569635,-4800000000.0,1310000000.0,3210000000.0,-4150000000.0,-21290000000.0,43800000000.0,48600000000.0,46400000000.0,43400000000.0,45800000000.0,0
00369170,1,1,051370,인터플렉스,580655841853.0,310700427693.0,-55276174984.0,0.0,0.0,0.0,0.0,0.0,0.0,0.0,0.0,0.0,2015-08-03,168720921600.0,10500.0,10500.0,-0.09519610585093162,0.0,0.5430340822276288,,0.0,inf,inf,inf,-740000000.0,54440000000.0,31080000000.0,31660000000.0,22370000000.0,369500000000.0,300300000000.0,250300000000.0,153700000000.0,123700000000.0,0
00372688,1,1,057680,옴니텔,22605106008.0,12938463858.0,4522027829.0,0.0,0.0,0.0,0.0,0.0,0.0,0.0,0.0,0.0,2015-08-03,52039078185.0,3260.0,3260.0,0.20004453097453487,0.0,4.022044560786375,,0.0,inf,inf,inf,-5880000000.0,-3279999999.0,-1750000000.0,-360000000.0,520000000.0,10300000000.0,13100000000.0,16000000000.0,14200000000.0,13400000000.0,0
00384717,1,1,065170,넥스트BT,65770123525.0,36608051718.0,26781030163.0,21980000000.0,26660000000.0,-1340000000.0,29160000000.0,61600000000.0,-630000000.0,1970000000.0,0.0,1490000000.0,2015-08-03,78841507500.0,2035.0,2035.0,0.4071914226042196,-0.0366039692667154,2.1536657593070982,0.8244561140285072,-0.09106878125078977,-58.8369458955224,1.279894602272727,-125.14525,-1280000000.0,-2490000000.0,260000000.0,150000000.0,-7880000000.0,30700000000.0,27800000000.0,28600000000.0,26800000000.0,17000000000.0,0
00389970,1,1,064260,다날,268611314762.0,89549722490.0,98520000000.0,208569999999.0,164540000000.0,340000000.0,179060000000.0,98520000000.0,10410000000.0,4090000000.0,0.0,8159999999.0,2015-08-03,199663166340.0,9400.0,9400.0,0.3667753165472293,0.0037967733516758545,2.2296346743262805,1.2675945058891456,0.14779891824788738,587.244606882353,2.0266257241169305,19.179939129683,-1180000000.0,-4650000000.0,5820000000.0,-3550000000.0,3729999999.0,89600000000.0,87900000000.0,85900000000.0,72300000000.0,74700000000.0,0
00390408,1,1,064090,에프앤리퍼블릭,18242150419.0,13496836436.0,4075068794.0,0.0,0.0,0.0,0.0,0.0,0.0,0.0,0.0,0.0,2015-08-03,135331084160.0,6180.0,6180.0,0.22338752287425706,0.0,10.026874431035743,,0.0,inf,inf,inf,-3010000000.0,-2110000000.0,-7420000000.0,-3790000000.0,-3229999999.0,6800000000.0,9300000000.0,9400000000.0,10000000000.0,7500000000.0,0
00390514,1,1,065440,이루온,49142502028.0,10678305552.0,14770729467.0,29370000000.0,32639999999.0,-6930000000.0,38460000000.0,47230000000.0,-5540000000.0,-2730000000.0,0.0,-3860000000.0,2015-08-03,23758926000.0,2400.0,2400.0,0.3005693413531134,-0.6489793690818335,2.224971544811252,0.8998161764981562,-0.3825930515546031,-3.4284164502164503,0.5030473427905992,-4.288614801444044,1000000000.0,-3170000000.0,730000000.0,819999999.0,1050000000.0,19200000000.0,17900000000.0,21000000000.0,20300000000.0,19000000000.0,0
00397289,1,1,067170,오텍,319507718333.0,103996235141.0,71411453022.0,222160000000.0,169390000000.0,2150000000.0,215510000000.0,493889999999.0,-11840000000.0,9980000000.0,7000000000.0,12030000000.0,2015-08-03,73597698160.0,6400.0,6400.0,0.2235046257867641,0.02067382532728219,0.7076957936045943,1.3115296062341342,0.09035608675617852,34.23148751627907,0.14901637644039972,-6.216021804054054,320000000.0,620000000.0,1230000000.0,2930000000.0,1820000000.0,78700000000.0,45600000000.0,42500000000.0,39300000000.0,30700000000.0,0
00405719,1,1,052460,아이크래프트,42077169063.0,32318562267.0,10305982749.0,35780000000.0,9760000000.0,1290000000.0,9760000000.0,53410000000.0,-2220000000.0,1570000000.0,3900000000.0,1610000000.0,2015-08-03,104298885600.0,13850.0,13850.0,0.2449305164415737,0.03991514193430565,3.2272130405534174,3.665983606557377,0.2494753405112125,80.85184930232558,1.9527969593709045,-46.98148,1540000000.0,3900000000.0,390000000.0,1710000000.0,-2860000000.0,31500000000.0,30500000000.0,26500000000.0,26900000000.0,24900000000.0,0
00406329,1,1,038060,루멘스,352461578270.0,229319455536.0,90102850812.0,232180000000.0,110409999999.0,11740000000.0,123140000000.0,524480000000.0,15890000000.0,20080000000.0,2500000000.0,38720000000.0,2015-08-03,173269413360.0,3685.0,3685.0,0.25563878835887616,0.05119495845897376,0.7555809556367933,2.1028892310669587,0.6293089927732874,14.758893812606473,0.3303641956985967,10.904305434864693,32210000000.0,17310000000.0,14660000000.0,7890000000.0,5200000000.0,203500000000.0,146700000000.0,122100000000.0,104300000000.0,87600000000.0,0
00412597,1,1,057050,현대홈쇼핑,1550254232409.0,1265544676175.0,818909256353.0,0.0,0.0,0.0,0.0,0.0,0.0,0.0,130000000000.0,0.0,2015-08-03,1542000000000.0,122500.0,122500.0,0.5282419097675775,0.0,1.2184477000531997,,0.0,inf,inf,inf,195480000000.0,103970000000.0,151910000000.0,127709999999.0,95460000000.0,1155200000000.0,974700000000.0,869300000000.0,720500000000.0,321900000000.0,0
00422895,1,1,067830,세이브존I&C,512623544298.0,311031413894.0,108106231598.0,67340000000.0,95510000000.0,25180000000.0,201590000000.0,182140000000.0,34080000000.0,35880000000.0,3000000000.0,42320000000.0,2015-08-03,252401504250.0,6150.0,6150.0,0.21088815135489627,0.08095645287000297,0.8114984306248205,0.7050570620877396,-0.5318906493799155,10.023888175139,1.3857554861644892,7.406147425176058,22690000000.0,19410000000.0,17260000000.0,12230000000.0,8190000000.0,292800000000.0,270300000000.0,253900000000.0,238400000000.0,236800000000.0,0
00428251,1,1,069960,현대백화점,5683921344000.0,3788972215000.0,1294770797000.0,815810000000.0,1431600000000.0,291020000000.0,1894950000000.0,1551860000000.0,398520000000.0,363660000000.0,70000000000.0,504160000000.0,2015-08-03,3463561268000.0,149000.0,149000.0,0.2277953403360819,0.07680710849446015,0.9141163015891896,0.5698588991338362,-0.3115694848450419,11.901454429248847,2.2318774038895257,8.691060092341663,228640000000.0,222750000000.0,262669999999.0,190700000000.0,239040000000.0,2667300000000.0,2380700000000.0,2175100000000.0,1865400000000.0,1715900000000.0,0
00442905,1,1,104040,대성파인텍,52486136589.0,32041180901.0,6775604083.0,27320000000.0,17820000000.0,3320000000.0,20440000000.0,38870000000.0,2620000000.0,4040000000.0,2200000000.0,5760000000.0,2015-08-03,32722963710.0,6120.0,6120.0,0.12909321438644478,0.1036166553991268,1.0212783296316872,1.5331088664421997,0.21024990465327265,9.856314370481927,0.8418565400051453,12.489680805343509,3140000000.0,3550000000.0,3720000000.0,2230000000.0,1910000000.0,28300000000.0,25700000000.0,21800000000.0,19700000000.0,16200000000.0,0
00444329,1,1,112040,위메이드,542014941233.0,468195686613.0,162690000000.0,123090000000.0,28089999999.0,206300000000.0,73820000000.0,162690000000.0,-8970000000.0,-31460000000.0,0.0,288040000000.0,2015-08-03,890400000000.0,55000.0,55000.0,0.3001577772559285,0.44062772447223103,1.9017689087255187,4.38198647221011,0.05533468104222821,4.316044595249636,5.472985432417481,-99.26421404682274,13550000000.0,8630000000.0,27139999999.0,25650000000.0,46030000000.0,312500000000.0,300100000000.0,278000000000.0,265300000000.0,251600000000.0,0
00462121,1,1,073490,이노와이어리스,97780581756.0,80787334282.0,19715552763.0,43380000000.0,15140000000.0,1340000000.0,16990000000.0,56029999999.0,3390000000.0,-280000000.0,0.0,5110000000.0,2015-08-03,64827000000.0,11050.0,11050.0,0.2016305529066892,0.016586758455509054,0.8024401420860341,2.8652575957727877,0.4070834683079581,48.378358208955234,1.1570051758193292,19.123008849557518,1290000000.0,10190000000.0,12030000000.0,7440000000.0,-290000000.0,74900000000.0,74500000000.0,65200000000.0,54100000000.0,45700000000.0,0
00483735,1,1,076610,해성옵틱스,149157367819.0,64369612196.0,13118744908.0,56590000000.0,66790000000.0,3050000000.0,84790000000.0,182300000000.0,7050000000.0,4680000000.0,0.0,20130000000.0,2015-08-03,83208250000.0,5200.0,5200.0,0.08795237606981225,0.04738260641858474,1.2926635280423615,0.8472825273244498,-0.3389087019616444,27.28139344262295,0.4564358200767965,11.80258865248227,12260000000.0,5260000000.0,2000000000.0,1100000000.0,-1140000000.0,61800000000.0,16200000000.0,15200000000.0,5300000000.0,3700000000.0,0
00488989,1,1,078350,한양디지텍,82530788498.0,41466300252.0,15148958684.0,39330000000.0,37510000000.0,6030000000.0,41060000000.0,94070000000.0,8570000000.0,7959999999.0,0.0,10740000000.0,2015-08-03,60200000000.0,6040.0,6040.0,0.183555239925608,0.14541929140903187,1.4517813172178642,1.0485203945614503,-0.028737541528239208,9.983416252072967,0.6399489741681726,7.024504084014003,1430000000.0,-3140000000.0,-610000000.0,2370000000.0,3240000000.0,32400000000.0,31000000000.0,34300000000.0,34100000000.0,31700000000.0,0
00491336,1,1,090120,잘만테크,73730000000.0,3379999999.0,3450000000.0,35540000000.0,69230000000.0,-34490000000.0,70350000000.0,54970000000.0,24700000000.0,-27500000000.0,0.0,-28260000000.0,2015-08-03,,,,0.0467923504679235,-10.204142014853296,,0.5133612595695508,,,,,-8490000000.0,1300000000.0,-5490000000.0,-6630000000.0,-4870000000.0,28200000000.0,40800000000.0,29700000000.0,17700000000.0,13900000000.0,1
00491938,1,1,130500,GH신소재,46220404283.0,26990944232.0,5188918262.0,26289999999.0,17140000000.0,1150000000.0,19230000000.0,51510000000.0,1910000000.0,670000000.0,6500000000.0,2510000000.0,2015-08-03,25025000000.0,3620.0,3620.0,0.11226466627658856,0.042606882890617065,0.9271628211632104,1.5338389731038506,0.2821178820779221,21.76086956521739,0.4858279945641623,13.102094240837696,2290000000.0,2820000000.0,3390000000.0,2500000000.0,2860000000.0,28300000000.0,18900000000.0,15100000000.0,12300000000.0,9800000000.0,0
00540429,1,1,090710,휴림로봇,31221323152.0,4780015576.0,1374425235.0,18430000000.0,24530000000.0,-14469999999.0,26439999999.0,31489999999.0,-220000000.0,-7459999999.0,0.0,-10410000000.0,2015-08-03,55345157780.0,5910.0,5910.0,0.04402200471481158,-3.027186788187989,11.578447161947071,0.751324908275581,-0.14472810847952014,-3.824820855827562,1.7575470873851238,-251.56889900000002,-4470000000.0,-3750000000.0,1310000000.0,880000000.0,-2620000000.0,20700000000.0,25100000000.0,24500000000.0,17800000000.0,16000000000.0,0
00540641,1,1,084670,동양고속,224095137704.0,123810244687.0,28986769347.0,28539999999.0,58600000000.0,11690000000.0,100280000000.0,136280000000.0,20290000000.0,20510000000.0,95600000000.0,25830000000.0,2015-08-03,95737200000.0,37500.0,37500.0,0.12935028240232366,0.09441868101911152,0.7732574977299301,0.4870307167064846,-0.7493429931207514,8.189666381522667,0.7025036689169357,4.718442582552981,8770000000.0,4190000000.0,5370000000.0,12790000000.0,13819999999.0,112600000000.0,107500000000.0,105500000000.0,99000000000.0,91700000000.0,0
00591441,1,1,102120,어보브반도체,86739108372.0,69269423007.0,20949201868.0,44440000000.0,11930000000.0,6750000000.0,17470000000.0,92020000000.0,10360000000.0,7159999999.0,4000000000.0,9560000000.0,2015-08-03,100218408220.0,5710.0,5710.0,0.2415196819657712,0.0974455929756753,1.446791439418695,3.7250628667225487,0.2691122367539036,14.847171588148148,1.0890937646163878,9.673591527027028,8780000000.0,3429999999.0,3750000000.0,5360000000.0,2720000000.0,64400000000.0,53300000000.0,50300000000.0,26800000000.0,22200000000.0,0
00599230,1,1,950010,평산차업집단유한공사,708150000000.0,506680000000.0,27939999999.0,261960000000.0,123830000000.0,-111140000000.0,201470000000.0,65100000000.0,38190000000.0,17000000000.0,0.0,-38700000000.0,2015-08-03,,,,0.03945491774200381,-0.2193494908028736,,2.115480901235565,,,,,,,,,,,,,,,1
00608316,1,1,131220,대한과학,40799790231.0,22138660850.0,10273011834.0,25600000000.0,12530000000.0,880000000.0,18660000000.0,39050000000.0,2590000000.0,1080000000.0,0.0,2630000000.0,2015-08-03,57160711800.0,8000.0,8000.0,0.2517908002917742,0.03974946840562852,2.5819408042469743,2.0430965682362334,0.1214120640114212,64.95535431818182,1.4637826325224073,22.06977289575289,740000000.0,1500000000.0,2050000000.0,2630000000.0,2230000000.0,18700000000.0,17900000000.0,17100000000.0,10900000000.0,8500000000.0,1
00612294,1,1,137400,피엔티,88074885075.0,54675547007.0,18193179461.0,69230000000.0,23360000000.0,6140000000.0,33400000000.0,105650000000.0,2770000000.0,8820000000.0,5100000000.0,9210000000.0,2015-08-03,61940000000.0,8300.0,8300.0,0.2065648958327636,0.11229883075909436,1.1328647519899515,2.9636130136986303,0.5784630287374879,10.087947882736156,0.5862754377662092,22.36101083032491,3950000000.0,5560000000.0,8900000000.0,5430000000.0,2740000000.0,48700000000.0,46800000000.0,24100000000.0,18500000000.0,9500000000.0,0
00614593,1,1,137940,넥스트아이,44377477305.0,36677344103.0,9407646751.0,24460000000.0,5850000000.0,3490000000.0,7700000000.0,29160000000.0,2800000000.0,3770000000.0,1000000000.0,4640000000.0,2015-08-03,41416082240.0,5300.0,5300.0,0.21199147230345253,0.09515410903796978,1.1292006892236344,4.181196581196581,0.4046737183608606,11.867072275071633,1.4203046035665294,14.791457942857145,4210000000.0,4970000000.0,4440000000.0,7030000000.0,2530000000.0,33100000000.0,28800000000.0,24100000000.0,12000000000.0,5200000000.0,0
00659435,1,1,224090,정다운,56820000000.0,17270000000.0,10570000000.0,18240000000.0,19860000000.0,1760000000.0,39550000000.0,55060000000.0,6690000000.0,4540000000.0,6800000000.0,6050000000.0,2015-08-03,35880000000.0,8000.0,8000.0,0.18602604716649068,0.10191082802547773,2.077591198610307,0.918429003021148,-0.5939241917502787,20.38636363636364,0.6516527424627679,5.363228699551571,2590000000.0,480000000.0,3150000000.0,3229999999.0,509999999.0,17200000000.0,14400000000.0,14500000000.0,9500000000.0,6300000000.0,0
00664181,1,1,189300,인텔리안테크,58870000000.0,21680000000.0,27750000000.0,33089999999.0,25789999999.0,6120000000.0,37190000000.0,59540000000.0,530000000.0,5660000000.0,0.0,8450000000.0,2015-08-03,,,,0.4713776116867674,0.2822878228782288,,1.2830554478589784,,,,,1970000000.0,1550000000.0,2740000000.0,1620000000.0,1190000000.0,22400000000.0,20500000000.0,17400000000.0,14700000000.0,10500000000.0,0
00728638,1,1,105630,한세실업,783233695276.0,330889640346.0,270428395044.0,436360000000.0,356960000000.0,61610000000.0,452339999999.0,1313180000000.0,96410000000.0,93140000000.0,20000000000.0,96020000000.0,2015-08-03,1990000000000.0,52000.0,52000.0,0.3452716560524187,0.1861950103230084,6.014089766966183,1.2224338861497086,-0.008030150753266331,32.29995130660607,1.515405351893876,20.641012343117925,54129999999.0,51429999999.0,51970000000.0,26739999999.0,56790000000.0,289100000000.0,239300000000.0,192000000000.0,144900000000.0,120900000000.0,0
00759294,1,1,122990,와이솔,208738923137.0,88833851913.0,34144750125.0,92690000000.0,108470000000.0,12040000000.0,119909999999.0,229380000000.0,12630000000.0,12880000000.0,8300000000.0,32600000000.0,2015-08-03,234728210400.0,13750.0,13750.0,0.16357634509108798,0.1355339179909867,2.642328406854209,0.8545219876463538,-0.11596390545735615,19.495698538205982,1.023315940360973,18.58497311163896,12300000000.0,12140000000.0,8680000000.0,10160000000.0,6230000000.0,80600000000.0,56800000000.0,44200000000.0,34300000000.0,17300000000.0,1
00781202,1,1,900100,뉴프라이드,29937818.0,3677971.0,10261451.0,23820000000.0,27980000000.0,2400000000.0,28860000000.0,66179999999.0,1200000000.0,60000000.0,0.0,5050000000.0,2015-08-03,33775966384.0,960.0,960.0,0.34275881428633176,652.5336931694133,9183.31503538228,0.8513223731236598,-0.14921852842639896,14.073319326666667,0.5103651614462128,28.14663865333333,-14180000000.0,-6800000000.0,-630000000.0,-1510000000.0,4770000000.0,-700000000.0,12900000000.0,20800000000.0,21000000000.0,11300000000.0,1
00785475,1,1,131390,피앤이솔루션,50192940065.0,38453648934.0,6927553095.0,21370000000.0,10210000000.0,350000000.0,11740000000.0,32380000000.0,4179999999.0,-1330000000.0,0.0,-80000000.0,2015-08-03,52836000000.0,8090.0,8090.0,0.1380184760252896,0.009101867045198315,1.3740178491431378,2.093046033300685,0.1822620940267999,150.96,1.6317479925880174,12.640191390583775,1160000000.0,5170000000.0,5760000000.0,3979999999.0,2430000000.0,39200000000.0,36900000000.0,33400000000.0,15900000000.0,10900000000.0,0
00799539,1,1,122310,제노레이,26800000000.0,10800000000.0,8720000000.0,15860000000.0,9530000000.0,960000000.0,16010000000.0,28570000000.0,3270000000.0,900000000.0,0.0,2470000000.0,2015-08-03,,,,0.3253731343283582,0.08888888888888889,,1.6642182581322142,,,,,869999999.0,1330000000.0,940000000.0,1639999999.0,500000000.0,10200000000.0,9200000000.0,7800000000.0,7500000000.0,5900000000.0,0
00812362,1,1,141020,포티스,35400438798.0,22335699636.0,1396712425.0,21020000000.0,11430000000.0,-8209999999.0,13060000000.0,12120000000.0,-4910000000.0,-7030000000.0,0.0,-7159999999.0,2015-08-03,228727075500.0,11950.0,11950.0,0.03945466419130684,-0.3675729944795359,10.240425830733534,1.8390201224846887,0.03480130186861065,-27.859570709848914,18.871870915841587,-46.58392576374745,-4520000000.0,3710000000.0,3429999999.0,2180000000.0,1970000000.0,14700000000.0,14800000000.0,11000000000.0,7300000000.0,5100000000.0,1
00815369,1,1,123700,에스제이엠,173039391737.0,137910183355.0,46167272684.0,117790000000.0,28410000000.0,15960000000.0,35130000000.0,157100000000.0,10810000000.0,20200000000.0,20000000000.0,27210000000.0,2015-08-03,102212081900.0,6600.0,6600.0,0.2668020976065898,0.11572749460361995,0.7411496338663541,4.146075325589581,0.808710657912937,6.40426578320802,0.6506179624443029,9.455326725254396,11580000000.0,12090000000.0,13350000000.0,9610000000.0,,115200000000.0,106300000000.0,97900000000.0,84400000000.0,,0
00857727,1,1,136480,하림,538934679973.0,202534198249.0,116340000000.0,276680000000.0,296020000000.0,-4950000000.0,336400000000.0,754500000000.0,1870000000.0,-1200000000.0,0.0,20680000000.0,2015-08-03,242217261620.0,4500.0,4500.0,0.2158703166139327,-0.024440316957802657,1.1959326558876382,0.9346665765826634,-0.2465555080615645,-48.93278012525254,0.3210301678197482,129.52794739037432,10020000000.0,4780000000.0,13430000000.0,,,204800000000.0,193000000000.0,190000000000.0,,,0
00992543,1,1,225190,삼양옵틱스,29780000000.0,20890000000.0,23280000000.0,19480000000.0,7220000000.0,12490000000.0,8890000000.0,51550000000.0,16910000000.0,14810000000.0,96900000000.0,16319999999.0,2015-08-03,,,,0.7817327065144393,0.5978937290569649,,2.698060941828255,,,,,3760000000.0,,,,,23500000000.0,,,,,0
01008762,1,1,194480,데브시스터즈,203536414129.0,195337814426.0,0.0,0.0,0.0,0.0,0.0,0.0,0.0,0.0,0.0,0.0,2015-08-03,335766200000.0,31450.0,31450.0,0.0,0.0,1.7189001575892957,,0.0,inf,inf,inf,22330000000.0,,,,,20000000000.0,,,,,0
01067808,1,1,217270,넵튠,3000000000.0,-4500000000.0,1570000000.0,1610000000.0,1310000000.0,-3710000000.0,7500000000.0,1570000000.0,-1970000000.0,-960000000.0,0.0,-3879999999.0,2015-08-03,11990160000.0,2400.0,2400.0,0.5233333333333333,0.8244444444444444,-2.6644799999999997,1.2290076335877862,-0.4912361469738519,-3.2318490566037736,7.637044585987263,-6.0863756345177675,,,,,,,,,,,0
01068658,1,1,217620,디딤,42120000000.0,7809999999.0,18430000000.0,10100000000.0,20170000000.0,760000000.0,34310000000.0,58470000000.0,3640000000.0,1810000000.0,0.0,3210000000.0,2015-08-03,16576250000.0,2225.0,2225.0,0.4375593542260209,0.09731113957712052,2.122439180809532,0.5007436787307883,-1.4605233391146972,21.810855263157894,0.2835000855139388,4.553914835164835,,,,,,,,,,,0
01166109,1,1,250930,예선테크,27339999999.0,12620000000.0,9850000000.0,18310000000.0,13850000000.0,1590000000.0,14710000000.0,31550000000.0,1770000000.0,3579999999.0,0.0,3350000000.0,2015-08-03,,,,0.3602779809934264,0.1259904912836767,,1.3220216606498194,,,,,409999999.0,240000000.0,1550000000.0,1800000000.0,,10800000000.0,6200000000.0,6200000000.0,4700000000.0,,0
00103547,1,0,018620,우진비앤지,29100000000.0,20700000000.0,7850000000.0,12000000000.0,5000000000.0,819999999.0,8400000000.0,22090000000.0,1480000000.0,850000000.0,1300000000.0,1720000000.0,2015-08-03,52916558940.0,5700.0,5700.0,0.2697594501718213,0.039613526521739134,2.556355504347826,2.4,0.068031634560401,64.53238902991754,2.395498367587144,35.754431716216224,610000000.0,1280000000.0,730000000.0,760000000.0,750000000.0,19000000000.0,18600000000.0,17700000000.0,14500000000.0,13900000000.0,1
00104120,1,0,026910,광진실업,43500000000.0,28300000000.0,5300000000.0,24300000000.0,12200000000.0,630000000.0,15200000000.0,46730000000.0,3590000000.0,1150000000.0,2500000000.0,2880000000.0,2015-08-03,21938512125.0,3600.0,3600.0,0.12183908045977013,0.02226148409893993,0.7752124425795053,1.9918032786885247,0.4147956774894551,34.823035119047624,0.4694738310507169,6.1110061629526475,-580000000.0,1170000000.0,4270000000.0,3080000000.0,780000000.0,28100000000.0,28800000000.0,28600000000.0,21600000000.0,18800000000.0,0
00111111,1,0,009190,대양금속,104900000000.0,5300000000.0,-1450000000.0,57700000000.0,96800000000.0,-18100000000.0,99600000000.0,122340000000.0,-8690000000.0,-10510000000.0,0.0,-7890000000.0,2015-08-03,30979603507.0,525.0,525.0,-0.013822688274547187,-3.4150943396226414,5.845208208867924,0.5960743801652892,-1.3525027843087951,-1.7115803042541435,0.2532254659718816,-3.564971634867663,-9190000000.0,-75020000000.0,-65040000000.0,750000000.0,-22360000000.0,20000000000.0,17000000000.0,33900000000.0,95000000000.0,89000000000.0,1
00121570,1,0,008420,문배철강,112600000000.0,83500000000.0,9280000000.0,56400000000.0,23100000000.0,2730000000.0,29100000000.0,132340000000.0,11640000000.0,3010000000.0,5000000000.0,4850000000.0,2015-08-03,53206595475.0,2440.0,2440.0,0.08241563055062166,0.03269461077844312,0.6372047362275449,2.441558441558441,0.5130942838247817,19.489595412087915,0.4020446990705758,4.571013356958763,4680000000.0,2560000000.0,3360000000.0,4350000000.0,-4940000000.0,83900000000.0,81400000000.0,81500000000.0,80800000000.0,82400000000.0,0
00127802,1,0,004380,삼익THK,216200000000.0,139100000000.0,41110000000.0,107800000000.0,66400000000.0,17640000000.0,77100000000.0,188480000000.0,21020000000.0,16930000000.0,30000000000.0,32139999999.0,2015-08-03,165900000000.0,8010.0,8010.0,0.1901480111008325,0.12681524083393242,1.1926671459381741,1.6234939759036144,0.18505123568414708,9.404761904761905,0.8801994906621392,7.892483349191246,17300000000.0,9490000000.0,24610000000.0,17140000000.0,8940000000.0,130400000000.0,118000000000.0,115800000000.0,92300000000.0,78300000000.0,0
00128926,1,0,017480,삼현철강,164400000000.0,129700000000.0,19140000000.0,95700000000.0,24000000000.0,12700000000.0,34600000000.0,223110000000.0,4240000000.0,9160000000.0,15000000000.0,19170000000.0,2015-08-03,70505976100.0,4355.0,4355.0,0.11642335766423358,0.0979182729375482,0.5436081426368543,3.9875,0.8665932078344775,5.551651661417323,0.3160144148626238,16.628767948113207,7470000000.0,8480000000.0,16630000000.0,9480000000.0,6490000000.0,121500000000.0,116400000000.0,111900000000.0,100400000000.0,98300000000.0,0
00129013,1,0,011150,CJ씨푸드,101200000000.0,47300000000.0,33200000000.0,48900000000.0,48400000000.0,3270000000.0,53900000000.0,156340000000.0,-8420000000.0,6459999999.0,0.0,7550000000.0,2015-08-03,175881133835.0,4745.0,4745.0,0.32806324110671936,0.06913319238900634,3.7184172058139535,1.0103305785123966,-0.028428290692568924,53.786279460244636,1.1249912615773314,-20.88849570486936,6409999999.0,5700000000.0,4070000000.0,5150000000.0,4670000000.0,44500000000.0,39000000000.0,33400000000.0,30300000000.0,25100000000.0,0
00136448,1,0,002800,신신제약,43200000000.0,18700000000.0,15660000000.0,25300000000.0,13600000000.0,1340000000.0,24400000000.0,46690000000.0,1010000000.0,1989999999.0,1100000000.0,3540000000.0,2015-08-03,,,,0.3625,0.07165775401069517,,1.8602941176470589,,,,,1050000000.0,630000000.0,1080000000.0,1400000000.0,1320000000.0,17500000000.0,16600000000.0,16100000000.0,15100000000.0,13900000000.0,0
00136925,1,0,017000,신원종합개발,97400000000.0,49100000000.0,5610000000.0,72700000000.0,39900000000.0,-650000000.0,48200000000.0,85430000000.0,8780000000.0,1080000000.0,0.0,210000000.0,2015-08-03,52957822020.0,5300.0,5300.0,0.05759753593429157,-0.013238289205702648,1.0785707132382891,1.8220551378446117,0.4626323188054704,-81.47357233846154,0.6198972494439893,6.03164259908884,5100000000.0,1370000000.0,-5600000000.0,-16619999999.0,-39880000000.0,50100000000.0,45000000000.0,43800000000.0,51500000000.0,68300000000.0,0
00137809,1,0,001770,신화실업,74400000000.0,37800000000.0,4580000000.0,53500000000.0,35800000000.0,509999999.0,36500000000.0,62010000000.0,4110000000.0,1470000000.0,20000000000.0,3050000000.0,2015-08-03,22171523500.0,18450.0,18450.0,0.06155913978494624,0.013492063465608464,0.5865482407407407,1.494413407821229,0.7667492944271511,43.47357557543838,0.3575475487824544,5.394531265206814,-2000000000.0,570000000.0,810000000.0,3510000000.0,5460000000.0,37700000000.0,40100000000.0,39700000000.0,37400000000.0,33000000000.0,0
00141389,1,0,036560,영풍정밀,347800000000.0,284200000000.0,20130000000.0,70300000000.0,16100000000.0,10000000000.0,63600000000.0,85390000000.0,13400000000.0,9980000000.0,10000000000.0,13960000000.0,2015-08-03,155137500000.0,9920.0,9920.0,0.057878090856814265,0.03518648838845883,0.5458743842364532,4.366459627329194,0.043187494964144715,15.51375,1.8168111020025763,11.577425373134327,9200000000.0,13060000000.0,17200000000.0,27720000000.0,22980000000.0,258100000000.0,260400000000.0,225200000000.0,150600000000.0,122600000000.0,0
00145862,1,0,034590,인천도시가스,378100000000.0,156500000000.0,59820000000.0,213400000000.0,152500000000.0,23420000000.0,221700000000.0,799270000000.0,11540000000.0,11100000000.0,125000000000.0,36510000000.0,2015-08-03,160115996400.0,36050.0,36050.0,0.15821211319756678,0.14964856230031948,1.0231054083067093,1.399344262295082,-0.05183741903753971,6.8367205977796734,0.20032779461258401,13.874869705372618,10290000000.0,9580000000.0,11140000000.0,8770000000.0,7380000000.0,138700000000.0,132500000000.0,128400000000.0,106600000000.0,103000000000.0,1
00173102,1,0,012690,모나리자,75000000000.0,60200000000.0,30150000000.0,37100000000.0,14600000000.0,5690000000.0,14800000000.0,124820000000.0,12900000000.0,8420000000.0,0.0,10970000000.0,2015-08-03,172982036150.0,4805.0,4805.0,0.402,0.09451827242524916,2.87345575,2.541095890410959,0.12891512029990634,30.401060834797892,1.3858519159589808,13.409460166666667,5940000000.0,9380000000.0,5330000000.0,6730000000.0,7800000000.0,54500000000.0,48800000000.0,40800000000.0,36000000000.0,29300000000.0,0
00186452,1,0,029480,바른테크놀로지,27900000000.0,8500000000.0,6880000000.0,9500000000.0,14700000000.0,-860000000.0,19400000000.0,38410000000.0,1530000000.0,1420000000.0,0.0,1650000000.0,2015-08-03,30337355975.0,1480.0,1480.0,0.24659498207885305,-0.1011764705882353,3.5691007029411765,0.6462585034013606,-0.3263303502176741,-35.27599531976744,0.7898296270502473,19.828337238562085,-33150000000.0,-15110000000.0,-52390000000.0,-17870000000.0,1889999999.0,11300000000.0,36500000000.0,49300000000.0,45300000000.0,51100000000.0,0
00189538,1,0,032580,피델릭스,69600000000.0,36400000000.0,10950000000.0,45500000000.0,25100000000.0,1000000000.0,33200000000.0,78120000000.0,1839999999.0,2460000000.0,0.0,5490000000.0,2015-08-03,70031564565.0,3250.0,3250.0,0.15732758620689655,0.027472527472527472,1.923944081456044,1.812749003984064,0.17563508792644092,70.031564565,0.8964613999615976,38.060632936446,5270000000.0,2360000000.0,3060000000.0,1260000000.0,1040000000.0,35500000000.0,29800000000.0,28000000000.0,25500000000.0,23100000000.0,0
00202839,1,0,079170,한창산업,58500000000.0,52200000000.0,3879999999.0,32400000000.0,3300000000.0,980000000.0,6200000000.0,47190000000.0,-780000000.0,850000000.0,12000000000.0,3100000000.0,2015-08-03,29380000000.0,5460.0,5460.0,0.06632478630769231,0.018773946360153258,0.5628352490421455,9.818181818181818,0.8917631041524847,29.97959183673469,0.6225895316804407,-37.66666666666666,1830000000.0,350000000.0,860000000.0,1750000000.0,1520000000.0,51900000000.0,51000000000.0,51500000000.0,51000000000.0,42800000000.0,0
00238153,1,0,037070,파세코,98500000000.0,62500000000.0,26030000000.0,35400000000.0,32500000000.0,6000000000.0,36000000000.0,138110000000.0,6409999999.0,8350000000.0,14100000000.0,13460000000.0,2015-08-03,118668000000.0,9210.0,9210.0,0.2642639593908629,0.096,1.8986880000000002,1.0892307692307692,-0.005056122964910506,19.778,0.8592281514734632,18.512948520828854,7500000000.0,4079999999.0,1490000000.0,2200000000.0,8860000000.0,59500000000.0,49800000000.0,45700000000.0,46700000000.0,46200000000.0,0
00243988,1,0,033630,에스케이브로드밴드,3111000000000.0,1121600000000.0,2654380000000.0,464800000000.0,882900000000.0,4310000000.0,1989400000000.0,2654380000000.0,431760000000.0,58150000000.0,0.0,542339999999.0,2015-08-03,,,,0.853224043715847,0.003842724679029957,,0.526446936232869,,,,,12310000000.0,22500000000.0,19270000000.0,-60550000000.0,-191220000000.0,1127600000000.0,1110500000000.0,1372900000000.0,1324800000000.0,1400100000000.0,0
00245472,1,0,064760,티씨케이,91100000000.0,82300000000.0,14110000000.0,49400000000.0,7100000000.0,4750000000.0,8800000000.0,45220000000.0,11860000000.0,7050000000.0,12000000000.0,10480000000.0,2015-08-03,230581250000.0,20650.0,20650.0,0.1548847420417124,0.05771567436208992,2.801716281895504,6.957746478873237,0.17607676252947713,48.54342105263158,5.099098850066341,19.441926644182125,1910000000.0,6809999999.0,12110000000.0,10470000000.0,5800000000.0,77900000000.0,77400000000.0,73000000000.0,62000000000.0,44200000000.0,0
00245898,1,0,050320,에이앤티앤,16100000000.0,5500000000.0,2690000000.0,8700000000.0,9500000000.0,-840000000.0,10600000000.0,15469999999.0,70000000.0,-760000000.0,0.0,-560000000.0,2015-08-03,30943867500.0,4600.0,4600.0,0.1670807453416149,-0.15272727272727274,5.626157727272728,0.9157894736842104,-0.06140150386825435,-36.8379375,2.0002500001292987,442.05525,-2650000000.0,919999999.0,-3860000000.0,-1689999999.0,409999999.0,5800000000.0,8200000000.0,6600000000.0,10400000000.0,11500000000.0,0
00246347,1,0,039850,태창파로스,7800000000.0,4000000000.0,1520000000.0,2100000000.0,3600000000.0,-4940000000.0,3700000000.0,8300000000.0,-1530000000.0,-1530000000.0,0.0,-4660000000.0,2015-08-03,,,,0.19487179487179487,-1.235,,0.5833333333333334,,,,,-7070000000.0,-6290000000.0,280000000.0,-1839999999.0,-3429999999.0,7900000000.0,9300000000.0,12600000000.0,6800000000.0,7400000000.0,1
00264787,1,0,033600,럭슬,70300000000.0,29100000000.0,3080000000.0,13100000000.0,34900000000.0,-5880000000.0,41300000000.0,62800000000.0,2200000000.0,640000000.0,0.0,-3429999999.0,2015-08-03,21275000000.0,1850.0,1850.0,0.0438122332859175,-0.2020618556701031,0.7310996563573883,0.3753581661891118,-1.3254994124559345,-3.618197278911565,0.3387738853503185,9.670454545454543,-3410000000.0,-3130000000.0,160000000.0,2150000000.0,-10000000.0,34500000000.0,39700000000.0,43700000000.0,43800000000.0,45900000000.0,0
00297934,1,0,051380,피씨디렉트,48000000000.0,22800000000.0,6950000000.0,44700000000.0,24900000000.0,-190000000.0,25200000000.0,174060000000.0,-6990000000.0,409999999.0,0.0,-220000000.0,2015-08-03,19751815020.0,2930.0,2930.0,0.14479166666666668,-0.008333333333333333,0.8663076763157894,1.7951807228915662,0.9872510440308891,-103.95692115789473,0.11347704825922095,-2.82572460944206,-2760000000.0,1410000000.0,2160000000.0,600000000.0,940000000.0,23100000000.0,18200000000.0,17000000000.0,15200000000.0,14700000000.0,0
00297989,1,0,046120,오르비텍,42400000000.0,12900000000.0,140000000.0,14300000000.0,9000000000.0,-3810000000.0,29500000000.0,20790000000.0,1860000000.0,-1980000000.0,0.0,-1550000000.0,2015-08-03,90008121600.0,8400.0,8400.0,0.0033018867924528303,-0.29534883720930233,6.97737376744186,1.5888888888888888,-0.16887364973073718,-23.6241788976378,4.329394978354978,48.391463225806454,-9120000000.0,430000000.0,-1630000000.0,1010000000.0,3770000000.0,17000000000.0,25600000000.0,25700000000.0,31100000000.0,14500000000.0,0
00339072,1,0,054300,팬스타엔터프라이즈,19300000000.0,5600000000.0,3990000000.0,15100000000.0,12400000000.0,-800000000.0,13700000000.0,24610000000.0,-330000000.0,340000000.0,0.0,190000000.0,2015-08-03,30607788120.0,1605.0,1605.0,0.2067357512953368,-0.14285714285714285,5.46567645,1.2177419354838708,0.04573999253102514,-38.25973515,1.243713454693214,-92.7508730909091,-4810000000.0,-2770000000.0,-2110000000.0,-15950000000.0,-8559999999.0,5300000000.0,6300000000.0,5200000000.0,4900000000.0,20700000000.0,1
00346966,1,0,052510,에코솔루션,15900000000.0,-6000000000.0,60000000.0,4600000000.0,10000000000.0,-1910000000.0,21900000000.0,40690000000.0,-2810000000.0,-1930000000.0,0.0,160000000.0,2015-08-03,,,,0.0037735849056603774,0.31833333333333336,,0.46,,,,,-3180000000.0,8500000000.0,-29280000000.0,-6100000000.0,-32720000000.0,-5100000000.0,-2900000000.0,-11400000000.0,10300000000.0,22900000000.0,1
00351454,1,0,043090,팜스웰바이오,22200000000.0,9300000000.0,4010000000.0,17000000000.0,10400000000.0,-1620000000.0,13000000000.0,20670000000.0,-2260000000.0,-330000000.0,0.0,-290000000.0,2015-08-03,114989805250.0,5300.0,5300.0,0.18063063063063065,-0.17419354838709675,12.364495188172045,1.6346153846153846,0.034785692447287624,-70.98136126543208,5.563125556361877,-50.88044480088496,350000000.0,-6220000000.0,-8330000000.0,-2970000000.0,120000000.0,9400000000.0,9000000000.0,15200000000.0,22400000000.0,25300000000.0,1
00361725,1,0,066270,에스케이커뮤니케이션즈,176200000000.0,134200000000.0,93910000000.0,89100000000.0,41300000000.0,-18390000000.0,42000000000.0,93910000000.0,-5960000000.0,-15969999999.0,0.0,-9800000000.0,2015-08-03,418641389200.0,9700.0,9700.0,0.5329738933030647,-0.13703427719821162,3.1195334515648288,2.1573849878934626,0.11250679272301632,-22.764621489940186,4.457900002129699,-70.24184382550335,-41890000000.0,-35330000000.0,-5040000000.0,1030000000.0,2360000000.0,152000000000.0,195300000000.0,235700000000.0,218300000000.0,214900000000.0,0
00369213,1,0,039980,리노스,76300000000.0,52600000000.0,42340000000.0,45600000000.0,23500000000.0,4040000000.0,23700000000.0,91250000000.0,390000000.0,6590000000.0,4300000000.0,6580000000.0,2015-08-03,114287785775.0,3315.0,3315.0,0.5549148099606815,0.07680608365019011,2.172771592680608,1.9404255319148933,0.1916215267580285,28.28905588490099,1.2524688852054795,293.04560455128205,2740000000.0,6380000000.0,5610000000.0,6020000000.0,4830000000.0,45000000000.0,45600000000.0,39200000000.0,28700000000.0,20300000000.0,0
00374738,1,0,065370,위세아이텍,12500000000.0,6700000000.0,3370000000.0,4200000000.0,2700000000.0,700000000.0,5800000000.0,16630000000.0,2240000000.0,1290000000.0,6000000000.0,1560000000.0,2015-08-03,,,,0.2696,0.1044776119402985,,1.5555555555555556,,,,,660000000.0,509999999.0,600000000.0,,,6200000000.0,5700000000.0,5200000000.0,,,0
00396925,1,0,058970,엠로,15700000000.0,5800000000.0,8580000000.0,9500000000.0,7100000000.0,1110000000.0,9900000000.0,21030000000.0,10000000.0,1300000000.0,0.0,2240000000.0,2015-08-03,,,,0.5464968152866242,0.1913793103448276,,1.3380281690140845,,,,,570000000.0,700000000.0,,,,4700000000.0,4000000000.0,,,,0
00402989,1,0,069110,코스온,40500000000.0,23600000000.0,6440000000.0,26000000000.0,6200000000.0,530000000.0,17000000000.0,26480000000.0,-2500000000.0,2180000000.0,0.0,2610000000.0,2015-08-03,487366982850.0,31700.0,31700.0,0.15901234567901235,0.022457627118644068,20.65114334110169,4.193548387096774,0.018466577172237347,919.5603449999999,18.40509753965257,-194.94679314,-2670000000.0,180000000.0,50000000.0,-2120000000.0,-2250000000.0,10200000000.0,7600000000.0,7000000000.0,6900000000.0,5100000000.0,0
00404288,1,0,059120,아진엑스텍,29300000000.0,25200000000.0,10030000000.0,20000000000.0,2700000000.0,2910000000.0,4200000000.0,20120000000.0,2890000000.0,2780000000.0,0.0,4170000000.0,2015-08-03,39353700000.0,6800.0,6800.0,0.342320819112628,0.11547619047619047,1.5616547619047618,7.407407407407407,0.40148702663281977,13.52360824742268,1.9559493041749505,13.617197231833911,3279999999.0,2890000000.0,2690000000.0,1300000000.0,370000000.0,15700000000.0,12500000000.0,9900000000.0,6000000000.0,4700000000.0,1
00409964,1,0,106190,하이텍팜,106600000000.0,92100000000.0,10840000000.0,71000000000.0,13200000000.0,7840000000.0,14500000000.0,56900000000.0,10170000000.0,7890000000.0,25000000000.0,10060000000.0,2015-08-03,117673781200.0,17200.0,17200.0,0.10168855534709194,0.08512486427795872,1.2776740629750272,5.378787878787879,0.4801409406907034,15.009410867346938,2.068080513181019,11.57067661750246,10460000000.0,7420000000.0,10480000000.0,13219999999.0,9310000000.0,85800000000.0,77100000000.0,70400000000.0,59500000000.0,22000000000.0,0
00416414,1,0,089140,넥스턴,33500000000.0,29100000000.0,7150000000.0,25300000000.0,3400000000.0,3200000000.0,4400000000.0,20510000000.0,6480000000.0,4050000000.0,6700000000.0,4360000000.0,2015-08-03,66700000000.0,12000.0,12000.0,0.2134328358208956,0.1099656357388316,2.2920962199312718,7.4411764705882355,0.3133433283358321,20.84375,3.252072159921989,10.29320987654321,2840000000.0,2430000000.0,3080000000.0,2500000000.0,1100000000.0,26500000000.0,24200000000.0,23800000000.0,21900000000.0,19900000000.0,0
00480367,1,0,100090,삼강엠앤티,246400000000.0,45200000000.0,22460000000.0,32100000000.0,184200000000.0,3670000000.0,201300000000.0,171660000000.0,15030000000.0,10440000000.0,0.0,19770000000.0,2015-08-03,84543665000.0,6420.0,6420.0,0.0911525974025974,0.08119469026548673,1.8704350663716809,0.1742671009771987,-2.0013326841224592,23.03642098092643,0.4925064953978796,5.624994344644045,-14480000000.0,-630000000.0,7130000000.0,590000000.0,-3500000000.0,41700000000.0,56100000000.0,35700000000.0,27900000000.0,26400000000.0,0
00550082,1,0,210120,빅텐츠,13600000000.0,6800000000.0,4950000000.0,12600000000.0,6800000000.0,1980000000.0,6800000000.0,35740000000.0,1720000000.0,2890000000.0,0.0,2860000000.0,2015-08-03,,,,0.3639705882352941,0.2911764705882353,,1.8529411764705883,,,,,1770000000.0,2970000000.0,960000000.0,,,5000000000.0,3200000000.0,3800000000.0,,,0
00554352,1,0,175250,아이큐어,15000000000.0,2100000000.0,3110000000.0,7100000000.0,9000000000.0,470000000.0,12900000000.0,14930000000.0,540000000.0,930000000.0,0.0,1680000000.0,2015-08-03,,,,0.2073333333333333,0.22380952380952385,,0.7888888888888889,,,,,-1490000000.0,,,,,1600000000.0,,,,,0
00562245,1,0,124560,태웅로직스,60600000000.0,12900000000.0,20890000000.0,40300000000.0,40700000000.0,1670000000.0,47700000000.0,228940000000.0,-180000000.0,7900000000.0,0.0,5700000000.0,2015-08-03,,,,0.3447194719471947,0.12945736434108526,,0.9901719901719902,,,,,1090000000.0,1430000000.0,1730000000.0,1090000000.0,770000000.0,11200000000.0,7900000000.0,6900000000.0,5500000000.0,4600000000.0,0
00571298,1,0,263600,덕우전자,34800000000.0,18000000000.0,14280000000.0,18900000000.0,15600000000.0,7620000000.0,16800000000.0,72280000000.0,8640000000.0,8890000000.0,8300000000.0,10890000000.0,2015-08-03,,,,0.4103448275862069,0.4233333333333333,,1.2115384615384617,,,,,4090000000.0,4260000000.0,,,,11400000000.0,7300000000.0,,,,0
00580056,1,0,099440,스맥,196000000000.0,81700000000.0,26670000000.0,125100000000.0,68900000000.0,2640000000.0,114300000000.0,139680000000.0,7170000000.0,6000000000.0,4000000000.0,8770000000.0,2015-08-03,105555975600.0,4690.0,4690.0,0.13607142857142854,0.03231334149326805,1.2919948053855572,1.8156748911465888,0.1023153823230828,39.98332409090909,0.7556985652920962,14.72189338912134,4950000000.0,1510000000.0,3650000000.0,4070000000.0,1210000000.0,61000000000.0,47900000000.0,44000000000.0,22900000000.0,20700000000.0,1
00606770,1,0,094850,참좋은여행,98900000000.0,55400000000.0,40710000000.0,45000000000.0,42000000000.0,3370000000.0,43500000000.0,75530000000.0,4640000000.0,6100000000.0,10000000000.0,8509999999.0,2015-08-03,210000000000.0,15400.0,15400.0,0.4116279069767442,0.06083032490974729,3.790613718411554,1.0714285714285714,0.0071428571428571435,62.31454005934718,2.7803521779425395,45.25862068965517,4980000000.0,8760000000.0,1520000000.0,1470000000.0,-5720000000.0,53900000000.0,50600000000.0,42800000000.0,41300000000.0,39600000000.0,0
00609485,1,0,103130,웅진에너지,339700000000.0,71800000000.0,-3229999999.0,107000000000.0,257900000000.0,-35680000000.0,268000000000.0,163280000000.0,-4600000000.0,-13100000000.0,0.0,-8109999999.0,2015-08-03,111715202780.0,1555.0,1555.0,-0.00950838975272299,-0.4969359331476323,1.5559220442896935,0.4148894920511825,-1.441164640027161,-3.1310314680493274,0.6841940395639392,-24.28591364782609,-51279999999.0,-199530000000.0,21570000000.0,47450000000.0,41030000000.0,92300000000.0,143900000000.0,320300000000.0,298800000000.0,96900000000.0,1
00610083,1,0,141000,비아트론,80300000000.0,58000000000.0,8590000000.0,55700000000.0,21100000000.0,1970000000.0,22300000000.0,32800000000.0,9580000000.0,830000000.0,0.0,3890000000.0,2015-08-03,144358572400.0,14400.0,14400.0,0.10697384806973848,0.03396551724137931,2.488940903448276,2.639810426540284,0.2313683174107089,73.27846314720813,4.401175987804878,15.068744509394572,3910000000.0,10230000000.0,10220000000.0,7250000000.0,1200000000.0,56500000000.0,51200000000.0,23800000000.0,10700000000.0,3400000000.0,0
00611286,1,0,191600,티케이씨,16400000000.0,6400000000.0,2850000000.0,7000000000.0,4000000000.0,2240000000.0,10000000000.0,13569999999.0,1190000000.0,1320000000.0,0.0,3240000000.0,2015-08-03,,,,0.17378048780487804,0.35,,1.75,,,,,1130000000.0,-1390000000.0,3950000000.0,-3920000000.0,-869999999.0,11900000000.0,-1300000000.0,100000000.0,-3900000000.0,3300000000.0,0
00626464,1,0,119850,지엔씨에너지,80700000000.0,51000000000.0,9110000000.0,45700000000.0,23900000000.0,4190000000.0,29700000000.0,72410000000.0,-3420000000.0,5250000000.0,3500000000.0,6000000000.0,2015-08-03,81069620660.0,9660.0,9660.0,0.11288723667905826,0.08215686274509804,1.5896004050980392,1.9121338912133887,0.1973612293944586,19.34835815274463,1.1195915020024858,-23.70456744444445,4190000000.0,3370000000.0,2540000000.0,4220000000.0,2970000000.0,39800000000.0,22300000000.0,18900000000.0,20700000000.0,12000000000.0,1
00631837,1,0,065660,안트로젠,14500000000.0,13000000000.0,1040000000.0,10200000000.0,1100000000.0,-1420000000.0,1500000000.0,1830000000.0,-1010000000.0,-1590000000.0,0.0,-1390000000.0,2015-08-03,,,,0.07172413793103448,-0.10923076923076924,,9.272727272727273,,,,,-1810000000.0,700000000.0,,,,14100000000.0,8100000000.0,,,,0
00653112,1,0,233190,미래자원엠엘,20200000000.0,14600000000.0,4260000000.0,16200000000.0,5400000000.0,1280000000.0,5500000000.0,24170000000.0,-1290000000.0,1630000000.0,0.0,1600000000.0,2015-08-03,,,,0.21089108910891088,0.08767123287671233,,3.0,,,,,1380000000.0,1939999999.0,1730000000.0,1190000000.0,1350000000.0,13400000000.0,12000000000.0,10000000000.0,8300000000.0,7100000000.0,0
00659815,1,0,165270,금오하이텍,51900000000.0,15300000000.0,5110000000.0,22000000000.0,28100000000.0,-760000000.0,36600000000.0,36690000000.0,1450000000.0,1610000000.0,0.0,1410000000.0,2015-08-03,14772824900.0,3050.0,3050.0,0.09845857418111753,-0.04967320261437908,0.9655441111111112,0.7829181494661922,-0.9883011610054352,-19.4379275,0.40263899972744616,10.188155103448276,570000000.0,750000000.0,1220000000.0,910000000.0,1010000000.0,16600000000.0,16700000000.0,10000000000.0,8800000000.0,6000000000.0,0
00664048,1,0,115440,우리넷,54400000000.0,41400000000.0,14800000000.0,36800000000.0,9800000000.0,4400000000.0,13000000000.0,45340000000.0,2470000000.0,4850000000.0,15000000000.0,5380000000.0,2015-08-03,28231923850.0,4410.0,4410.0,0.2720588235294117,0.10628019323671498,0.6819305277777777,3.755102040816327,0.8430172922841742,6.416346329545455,0.6226714567710631,11.429928684210527,4000000000.0,4670000000.0,3820000000.0,1800000000.0,5410000000.0,38000000000.0,35000000000.0,30700000000.0,26600000000.0,18700000000.0,0
00693554,1,0,104480,티케이케미칼,571100000000.0,212500000000.0,45160000000.0,216600000000.0,321700000000.0,11130000000.0,358600000000.0,759800000000.0,-54990000000.0,15900000000.0,0.0,67640000000.0,2015-08-03,252689306520.0,2875.0,2875.0,0.07907546839432672,0.052376470588235295,1.1891261483294118,0.673298103823438,-0.5619549238375107,22.703441735849058,0.3325734489602527,-4.595186516093835,11630000000.0,-28500000000.0,38170000000.0,46020000000.0,25630000000.0,198500000000.0,189200000000.0,221200000000.0,133900000000.0,87900000000.0,0
00753643,1,0,109070,컨버즈,67500000000.0,5500000000.0,710000000.0,27400000000.0,47400000000.0,-4830000000.0,62000000000.0,50350000000.0,-570000000.0,-1710000000.0,0.0,-760000000.0,2015-08-03,105533121025.0,2840.0,2840.0,0.01051851851851852,-0.8781818181818182,19.18784018636364,0.5780590717299579,-0.3278591561013677,-21.84950745859213,2.095990487090368,-185.1458263596492,-9050000000.0,-10570000000.0,-15319999999.0,-5820000000.0,520000000.0,5600000000.0,14500000000.0,25700000000.0,40800000000.0,40700000000.0,1
00765462,1,0,297090,씨에스베어링,43700000000.0,5300000000.0,1140000000.0,10500000000.0,33400000000.0,-7740000000.0,38400000000.0,26410000000.0,-4540000000.0,-1440000000.0,0.0,-4440000000.0,2015-08-03,,,,0.026086956521739132,-1.460377358490566,,0.3143712574850299,,,,,-3210000000.0,120000000.0,-4900000000.0,-5760000000.0,-3460000000.0,13000000000.0,16300000000.0,16200000000.0,16400000000.0,22000000000.0,0
00770312,1,0,195500,마니커에프앤지,55500000000.0,26100000000.0,9800000000.0,22300000000.0,17900000000.0,520000000.0,29400000000.0,71360000000.0,6450000000.0,1670000000.0,1800000000.0,3540000000.0,2015-08-03,,,,0.17657657657657658,0.019923371647509583,,1.2458100558659218,,,,,1069999999.0,1620000000.0,570000000.0,1350000000.0,90000000.0,25700000000.0,24700000000.0,13100000000.0,8500000000.0,4000000000.0,0
00861100,1,0,149010,아이케이세미콘,10900000000.0,6200000000.0,3850000000.0,6100000000.0,4600000000.0,600000000.0,4700000000.0,15130000000.0,980000000.0,1050000000.0,3000000000.0,1010000000.0,2015-08-03,6442800000.0,2065.0,2065.0,0.3532110091743119,0.0967741935483871,1.0391612903225806,1.326086956521739,0.21729682746631893,10.738,0.4258294778585592,6.574285714285714,560000000.0,430000000.0,660000000.0,990000000.0,,5600000000.0,5100000000.0,4700000000.0,4100000000.0,,0
00867849,1,0,173130,오파스넷,26800000000.0,9300000000.0,13360000000.0,23100000000.0,14000000000.0,2280000000.0,17600000000.0,62229999999.0,-2710000000.0,3620000000.0,0.0,3350000000.0,2015-08-03,,,,0.4985074626865672,0.24516129032258066,,1.65,,,,,2710000000.0,1590000000.0,960000000.0,40000000.0,,6900000000.0,4400000000.0,2800000000.0,1100000000.0,,0
00868705,1,0,136540,윈스,93500000000.0,73300000000.0,26170000000.0,67300000000.0,20200000000.0,6360000000.0,20200000000.0,68800000000.0,8810000000.0,6270000000.0,20000000000.0,9150000000.0,2015-08-03,143011172150.0,12500.0,12500.0,0.27989304812834226,0.08676671214188267,1.9510391834924965,3.3316831683168315,0.32934489866706546,22.486033356918238,2.078650757994186,16.232823172531212,12830000000.0,12610000000.0,6130000000.0,,,67700000000.0,52800000000.0,39100000000.0,,,0
00871833,1,0,237690,에스티팜,142400000000.0,57200000000.0,20870000000.0,56800000000.0,82400000000.0,5470000000.0,85200000000.0,96540000000.0,6310000000.0,9730000000.0,12500000000.0,17550000000.0,2015-08-03,,,,0.14655898876404494,0.09562937062937064,,0.6893203883495146,,,,,7459999999.0,5000000000.0,4450000000.0,29489999999.0,,53700000000.0,46600000000.0,40700000000.0,37300000000.0,,0
00926522,1,0,191420,테고사이언스,24400000000.0,23900000000.0,5420000000.0,17600000000.0,500000000.0,1530000000.0,500000000.0,6740000000.0,1330000000.0,1700000000.0,2500000000.0,1980000000.0,2015-08-03,119972566800.0,32700.0,32700.0,0.2221311475409836,0.06401673640167364,5.019772669456066,35.2,0.14253258437411376,78.41344235294117,17.800084094955487,90.20493744360904,1600000000.0,1720000000.0,,,,13600000000.0,12000000000.0,,,,0
00942131,1,0,238090,앤디포스,24300000000.0,10700000000.0,12080000000.0,14300000000.0,9100000000.0,3520000000.0,13600000000.0,46380000000.0,5770000000.0,6200000000.0,3900000000.0,5810000000.0,2015-08-03,,,,0.4971193415637861,0.32897196261682243,,1.5714285714285714,,,,,340000000.0,860000000.0,120000000.0,,,7200000000.0,6900000000.0,4000000000.0,,,0
00945457,1,0,185490,아이진,5500000000.0,3900000000.0,150000000.0,4700000000.0,1000000000.0,-2930000000.0,1700000000.0,150000000.0,-2390000000.0,-3070000000.0,0.0,-2910000000.0,2015-08-03,195237764250.0,23500.0,23500.0,0.027272727272727268,-0.7512820512820513,50.06096519230769,4.7,0.01536587970838741,-66.6340492320819,1301.585095,-81.68944110878661,-3850000000.0,-1950000000.0,-1850000000.0,,,5100000000.0,2300000000.0,-600000000.0,,,1
00991298,1,0,189330,씨이랩,1300000000.0,600000000.0,1050000000.0,600000000.0,600000000.0,-80000000.0,700000000.0,1050000000.0,-350000000.0,-70000000.0,0.0,0.0,2015-08-03,4484700000.0,2265.0,2265.0,0.8076923076923077,-0.13333333333333333,7.4745,1.0,-0.022298035543068657,-56.05875,4.2711428571428565,-12.813428571428574,-409999999.0,10000000.0,50000000.0,,,700000000.0,200000000.0,100000000.0,,,0
01026616,1,0,221800,유투바이오,12000000000.0,3900000000.0,2910000000.0,10800000000.0,5800000000.0,270000000.0,8100000000.0,11000000000.0,-990000000.0,690000000.0,0.0,869999999.0,2015-08-03,45569979000.0,31500.0,31500.0,0.2425,0.06923076923076922,11.684610000000001,1.862068965517241,0.059249533558047074,168.7777,4.142725363636363,-46.03028181818182,140000000.0,,,,,1600000000.0,,,,,0
01063963,1,0,252370,유쎌,2700000000.0,400000000.0,1570000000.0,1500000000.0,1700000000.0,390000000.0,2400000000.0,4000000000.0,660000000.0,470000000.0,0.0,490000000.0,2015-08-03,,,,0.5814814814814815,0.975,,0.8823529411764706,,,,,,,,,,,,,,,0
01076550,1,0,221670,주노콜렉션,12500000000.0,3200000000.0,2640000000.0,10300000000.0,4100000000.0,250000000.0,9300000000.0,19490000000.0,-730000000.0,730000000.0,0.0,670000000.0,2015-08-03,,,,0.2112,0.078125,,2.5121951219512195,,,,,,,,,,,,,,,0
01086812,1,0,205290,케미메디,8600000000.0,-1300000000.0,6390000000.0,7900000000.0,3200000000.0,-3979999999.0,9900000000.0,9780000000.0,-7290000000.0,-3310000000.0,0.0,-3279999999.0,2015-08-03,,,,0.7430232558139535,3.061538460769232,,2.46875,,,,,,,,,,,,,,,0
01090921,1,0,237720,케이엠제약,9300000000.0,2900000000.0,2650000000.0,3800000000.0,2500000000.0,610000000.0,6400000000.0,7350000000.0,840000000.0,1019999999.0,5000000000.0,1190000000.0,2015-08-03,,,,0.2849462365591398,0.2103448275862069,,1.52,,,,,,,,,,,,,,,0
01095397,1,0,229480,줌인터넷,6900000000.0,-3700000000.0,130000000.0,3600000000.0,4600000000.0,-1770000000.0,10600000000.0,15219999999.0,919999999.0,-1069999999.0,0.0,-100000000.0,2015-08-03,,,,0.018840579710144932,0.4783783783783784,,0.7826086956521741,,,,,,,,,,,,,,,0
01105621,1,0,227950,마이크로텍,16700000000.0,4400000000.0,2530000000.0,8600000000.0,8600000000.0,-570000000.0,12300000000.0,12830000000.0,900000000.0,-160000000.0,0.0,990000000.0,2015-08-03,,,,0.15149700598802396,-0.12954545454545455,,1.0,,,,,270000000.0,150000000.0,420000000.0,640000000.0,-370000000.0,5000000000.0,4700000000.0,4600000000.0,4200000000.0,3500000000.0,0
01115257,1,0,246830,시냅스엠,900000000.0,-300000000.0,2460000000.0,700000000.0,700000000.0,-100000000.0,1200000000.0,2460000000.0,-70000000.0,-50000000.0,0.0,-10000000.0,2015-08-03,,,,2.7333333333333334,0.3333333333333333,,1.0,,,,,,,,,,,,,,,0
01263527,1,0,284620,하나금융11호스팩,1400000000.0,800000000.0,0.0,0.0,0.0,-2070000000.0,600000000.0,0.0,-2070000000.0,-2120000000.0,0.0,-2050000000.0,2015-08-03,,,,0.0,-2.5875,,,,,,,-5800000000.0,-9350000000.0,-3090000000.0,-3050000000.0,-3180000000.0,1500000000.0,4900000000.0,12900000000.0,14000000000.0,2300000000.0,0
